claim_id,classification,category,source,line,text
C00001,PROOF_REQUIRED,Relative-performance claim,docs/OPTIMIZATION_QUICK_REFERENCE.md,,nQuery) -> str:         """Generate cache key using xxHash (10x faster than SHA-256)."""         content = f"{query.content}:{quer
C00002,PROOF_REQUIRED,Relative-performance claim,docs/OPTIMIZATION_QUICK_REFERENCE.md,,xxHash ```bash pip install xxhash ```  **Expected Impact:** 10x faster cache key (-66% cache hit latency; +1 point)  ---  ## 🟡 OPT
C00003,PROOF_REQUIRED,Relative-performance claim,docs/OPTIMIZATION_QUICK_REFERENCE.md,,opy=entropy; potential=potential) ```  **Expected Impact:** 4x faster projections (+0.5 points)  ---  ## 🟣 OPTIMIZATION #6: Order
C00004,NEEDS_REWRITE,Production-readiness implication,docs/BATCHING_QUICK_START.md,,# Inference Batching - Quick Start Guide  **Status:** ✓ PRODUCTION READY **Performance:** 4.5x - 9x throughput improvement **Default
C00005,PROOF_REQUIRED,Local-only / no-cloud claim,docs/CI_CLOSURE_LEDGER.md,,0.704; needs signing keys + bridge ports | CI-incompatible; local-only | | Security Scan | Blocked by quality gate | Unblock after
C00006,PROOF_REQUIRED,Formal-verification claim,docs/CI_CLOSURE_LEDGER.md,,_check::* never referenced | Removed import | `7b4468e` | | Z3 ImportError cascade (13) | `ImportError` not caught in Z3FA
C00007,NEEDS_REWRITE,Production-readiness implication,docs/ELITE_ASSESSMENT_v2.2.0.md,,+ Multi-Agent Swarm Analysis **Status:** ✅ FATE-CERTIFIED | Production-Ready with Remediation Roadmap  ---  ``` ╔═══════════════════════
C00008,NEEDS_REWRITE,Production-readiness implication,docs/ELITE_ASSESSMENT_v2.2.0.md,,----------|-------|---------| | **Architecture** | 96/100 | Production-ready polyglot sovereignty stack | | **Security** | 87/100 | 2 CR
C00009,NEEDS_REWRITE,Production-readiness implication,docs/ELITE_ASSESSMENT_v2.2.0.md,,age | 8 new tests | | Integration tests | 5 new scenarios | Live fire expansion |  ### Week 5-8: Scalability Hardening  | Ta
C00010,PROOF_REQUIRED,Ihsan-threshold claim,docs/ELITE_ASSESSMENT_v2.2.0.md,,Inference** ``` runConstitutionChallenge()     → challenges.ihsan ≥ 0.95 AND challenges.snr ≥ 0.85         → create_capability_card(
C00011,PROOF_REQUIRED,Cryptography claim,docs/ELITE_ASSESSMENT_v2.2.0.md,,** `Unknown` result returns error; not false-positive  #### Ed25519 Signature Semantics **Location:** `core/pci/crypto.py`  - D
C00012,PROOF_REQUIRED,Cryptography claim,docs/ELITE_ASSESSMENT_v2.2.0.md,,a `hmac.compare_digest()` prevents timing attacks - 32-byte Ed25519 keys with proper serialization/deserialization  #### Symbol
C00013,PROOF_REQUIRED,Cryptography claim,docs/ELITE_ASSESSMENT_v2.2.0.md,,ne target | | **Capability Cards** | `capability_card.py` | Ed25519-signed model credentials |  #### Gate Chain Composition Pri
C00014,PROOF_REQUIRED,Cryptography claim,docs/ELITE_ASSESSMENT_v2.2.0.md,,ation (implicit dataclass)             │ │  ├── SIGNATURE — Ed25519 verification                          │ │  ├── TIMESTAMP —
C00015,PROOF_REQUIRED,Cryptography claim,docs/ELITE_ASSESSMENT_v2.2.0.md,,ious peer injection; Sybil attacks **Remediation:** Require Ed25519 signatures on all gossip messages  ### HIGH (P1)  | ID | Fi
C00016,PROOF_REQUIRED,Formal-verification claim,docs/ELITE_ASSESSMENT_v2.2.0.md,,║ ║   Ihsān (Excellence) ≥ 0.95  — Z3 SMT verified                                ║ ║   SNR (Sign
C00017,PROOF_REQUIRED,Formal-verification claim,docs/ELITE_ASSESSMENT_v2.2.0.md,,hat fire rarely but guarantee mathematical certainty.  #### Z3 SMT Formal Verification **Location:** `native/fate-binding/
C00018,PROOF_REQUIRED,Formal-verification claim,docs/ELITE_ASSESSMENT_v2.2.0.md,,ust /// Verify that a score meets the Ihsān threshold using Z3 pub fn verify(&self; score: f64) -> Result<bool> {     let
C00019,PROOF_REQUIRED,Formal-verification claim,docs/ELITE_ASSESSMENT_v2.2.0.md,,er.assert(&constraint);      match solver.check() {         z3::SatResult::Sat => Ok(true);         z3::SatResult::Unsat =
C00020,PROOF_REQUIRED,Formal-verification claim,docs/ELITE_ASSESSMENT_v2.2.0.md,,r.check() {         z3::SatResult::Sat => Ok(true);         z3::SatResult::Unsat => Ok(false);         z3::SatResult::Unkn
C00021,PROOF_REQUIRED,Formal-verification claim,docs/ELITE_ASSESSMENT_v2.2.0.md,,k(true);         z3::SatResult::Unsat => Ok(false);         z3::SatResult::Unknown => Err(...)     } } ```  **Analysis:**
C00022,PROOF_REQUIRED,Formal-verification claim,docs/ELITE_ASSESSMENT_v2.2.0.md,,**Analysis:** - ✅ **Mathematical Proof:** Not heuristic — Z3 generates a formal satisfiability proof - ✅ **Proof Certifi
C00023,PROOF_REQUIRED,Formal-verification claim,docs/ELITE_ASSESSMENT_v2.2.0.md,,geometric mean) | | **Ihsān Gate** | `z3_ihsan.rs` | Formal Z3 proof; not heuristic | | **BFT Consensus** | `core/federati
C00024,PROOF_REQUIRED,Formal-verification claim,docs/ELITE_ASSESSMENT_v2.2.0.md,,│ │  │ FATE Validator  │──→ Z3 SMT formal proof                               │ │  └──────
C00025,PROOF_REQUIRED,Formal-verification claim,docs/ELITE_ASSESSMENT_v2.2.0.md,,lidation Rigor vs. Creative Inference  **Manifestation:** - Z3 SMT provides mathematical certainty for Ihsān threshold - B
C00026,PROOF_REQUIRED,Formal-verification claim,docs/ELITE_ASSESSMENT_v2.2.0.md,,sensus.py:76` | 0.95 | ✅ ENFORCED (vote rejection) | | FATE Z3 Verifier | `z3_ihsan.rs:27-59` | 0.95 | ✅ ENFORCED (formal
C00027,PROOF_REQUIRED,Formal-verification claim,docs/ELITE_ASSESSMENT_v2.2.0.md,,rd | Raises `ValueError` | `capability_card.py:248-254` | | Z3 Verifier | Returns `false` on Unsat; `Error` on Unknown | `
C00028,PROOF_REQUIRED,Formal-verification claim,docs/ELITE_ASSESSMENT_v2.2.0.md,,he SAPE Framework analysis reveals:  1. **SYMBOLIC Layer:** Z3 SMT formal verification provides mathematical certainty for
C00029,NEEDS_REWRITE,Production-readiness implication,docs/bizra-now-vs-future-image-v1.md,,**Integrated now** — what is on origin; proven by tests or live verification; or sealed by ADR - **Future image** — what is
C00030,NEEDS_REWRITE,Production-readiness implication,docs/bizra-now-vs-future-image-v1.md,,le-read projection over Python-authored `sovereign_state/`; live-verified against real 2026-04-13 activation chain - ✅ **Dur
C00031,NEEDS_REWRITE,Production-readiness implication,docs/bizra-now-vs-future-image-v1.md,,trospective (reward 0.998): `cycle-6/retrospective.md` - G1 live-verification: `cycle-6/g1-live-verification.md`  ## Signatu
C00032,NEEDS_REWRITE,Production-readiness implication,docs/bizra-now-vs-future-image-v1.md,,cle-6/retrospective.md` - G1 live-verification: `cycle-6/g1-live-verification.md`  ## Signature  Filed: Mumo (Muhammad Beshr
C00033,PROOF_REQUIRED,Local-only / no-cloud claim,docs/bizra-now-vs-future-image-v1.md,,isted resource root model** (Cycle-7 Stage 4/E scope) - ✅ **Local-only Node0 URP view** and **local-only Proof-of-Impact basis** (
C00034,PROOF_REQUIRED,Local-only / no-cloud claim,docs/bizra-now-vs-future-image-v1.md,,-7 Stage 4/E scope) - ✅ **Local-only Node0 URP view** and **local-only Proof-of-Impact basis** (Cycle-7 scope; not yet code)  ---
C00035,PROOF_REQUIRED,Hashing claim,docs/bizra-now-vs-future-image-v1.md,,st; structurally impossible to fake success - ✅ **Canonical BLAKE3 chain with Python-parity** — Cycle-6 G1 closed: Rust-side d
C00036,PROHIBITED,Unsubstantiated certification,docs/PROJECT_HANDOVER.md,,;600+ lines). Investor-grade architecture with C4 diagrams; ISO 27001 risk registers; Lyapunov stability proofs | | **Jan 2026 –
C00037,NEEDS_REWRITE,Production-readiness implication,docs/PROJECT_HANDOVER.md,,iance validation | 53 | | **Q4 2026** | Federation protocol live; multi-node network | 54 | | **2027** | Public beta; market
C00038,NEEDS_REWRITE,Exact SNR number,docs/PROJECT_HANDOVER.md,,-|----------|-----------| | GoT synthesis fallback produces SNR 0.083 | Mission quality scoring underreports | P1 | RLM-powered G
C00039,PROOF_REQUIRED,Ihsan-threshold claim,docs/PROJECT_HANDOVER.md,,rkflows; SHA-256 pinned | | **Constitutional Thresholds** | Ihsan >= 0.95; SNR >= 0.85; Gini <= 0.40 | | **Hardware Substrate** | MSI
C00040,PROOF_REQUIRED,Cryptography claim,docs/PROJECT_HANDOVER.md,,NGINE               │ │  SEED (utility)     │            │  Ed25519 identity mint       │ │  BLOOM (governance) │            │
C00041,PROOF_REQUIRED,Cryptography claim,docs/PROJECT_HANDOVER.md,,ay │   ├── pci/                 # Proof-Carrying Inference; Ed25519 │   ├── reasoning/           # Entropy router; Graph-of-Tho
C00042,PROOF_REQUIRED,Cryptography claim,docs/PROJECT_HANDOVER.md,,ependencies) | Package | Purpose | |---------|---------| | `ed25519-blake2b` | Identity minting; transaction signing | | `numpy
C00043,PROOF_REQUIRED,Cryptography claim,docs/PROJECT_HANDOVER.md,,ust (Key Crates) | Crate | Purpose | |-------|---------| | `ed25519-dalek` | Cryptographic signatures | | `blake3` | SIMD-optim
C00044,PROOF_REQUIRED,Cryptography claim,docs/PROJECT_HANDOVER.md,,et | Unsigned evidence receipts | P2 | Generate and persist Ed25519 key | | LM Studio single-model concurrency | Sequential age
C00045,PROOF_REQUIRED,Hashing claim,docs/PROJECT_HANDOVER.md,,ecurity** | Post-quantum signatures (CRYSTALS-Dilithium-5); BLAKE3 hashing; Shamir social recovery | Bernstein (2012); Shamir
C00046,PROOF_REQUIRED,Hashing claim,docs/PROJECT_HANDOVER.md,,identity mint       │ │  BLOOM (governance) │            │  BLAKE3 hash chains          │ │  IMPT (reputation)  │            │
C00047,PROOF_REQUIRED,Hashing claim,docs/PROJECT_HANDOVER.md,,--------| | `ed25519-dalek` | Cryptographic signatures | | `blake3` | SIMD-optimized hashing | | `tokio` | Async runtime | | `
C00048,PROOF_REQUIRED,Hashing claim,docs/PROJECT_HANDOVER.md,,deration | `core/inference/dp_fedlora.py` | | Audit trail | BLAKE3 hash-chained evidence ledger | `sovereign_state/evidence.js
C00049,PROOF_REQUIRED,Formal-verification claim,docs/PROJECT_HANDOVER.md,,m-5 post-quantum    │ │  2.5% zakat         │            │  Z3 formal verification      │ └─────────────────────┘
C00050,PROOF_REQUIRED,Formal-verification claim,docs/PROJECT_HANDOVER.md,,Nervous system + Ihsan gate │   ├── fate-binding/        # Z3 + Dilithium post-quantum │   ├── iceoryx-bridge/      # Zer
C00051,PROOF_REQUIRED,Formal-verification claim,docs/PROJECT_HANDOVER.md,,` | SIMD-optimized hashing | | `tokio` | Async runtime | | `z3` | Formal verification (FATE gates) | | `pqcrypto-mldsa` |
C00052,PROOF_REQUIRED,Post-quantum claim,docs/PROJECT_HANDOVER.md,,romotion | Markov (1906); Tulving (1972) | | **Security** | Post-quantum signatures (CRYSTALS-Dilithium-5); BLAKE3 hashing; Shamir s
C00053,PROOF_REQUIRED,Post-quantum claim,docs/PROJECT_HANDOVER.md,,(1972) | | **Security** | Post-quantum signatures (CRYSTALS-Dilithium-5); BLAKE3 hashing; Shamir social recovery | Bernstein (201
C00054,PROOF_REQUIRED,Post-quantum claim,docs/PROJECT_HANDOVER.md,,ash chains          │ │  IMPT (reputation)  │            │  Dilithium-5 post-quantum    │ │  2.5% zakat         │            │  Z
C00055,PROOF_REQUIRED,Post-quantum claim,docs/PROJECT_HANDOVER.md,,│ │  IMPT (reputation)  │            │  Dilithium-5 post-quantum    │ │  2.5% zakat         │            │  Z3 formal verifi
C00056,PROOF_REQUIRED,Post-quantum claim,docs/PROJECT_HANDOVER.md,,ous system + Ihsan gate │   ├── fate-binding/        # Z3 + Dilithium post-quantum │   ├── iceoryx-bridge/      # Zero-copy IPC │
C00057,PROOF_REQUIRED,Post-quantum claim,docs/PROJECT_HANDOVER.md,,+ Ihsan gate │   ├── fate-binding/        # Z3 + Dilithium post-quantum │   ├── iceoryx-bridge/      # Zero-copy IPC │   └── bizra-
C00058,PROOF_REQUIRED,Post-quantum claim,docs/PROJECT_HANDOVER.md,,` | Formal verification (FATE gates) | | `pqcrypto-mldsa` | Post-quantum signatures | | `iceoryx2` | Zero-copy IPC | | `pyo3` | Pyth
C00059,PROOF_REQUIRED,Post-quantum claim,docs/PROJECT_HANDOVER.md,,itHub Actions (7/7 workflows) | `ci.yml`; `release.yml` | | Post-quantum crypto | CRYSTALS-Dilithium-5 via `pqcrypto_mldsa` | `fate-
C00060,PROOF_REQUIRED,Post-quantum claim,docs/PROJECT_HANDOVER.md,,`ci.yml`; `release.yml` | | Post-quantum crypto | CRYSTALS-Dilithium-5 via `pqcrypto_mldsa` | `fate-binding/src/dilithium.rs` |
C00061,PROOF_REQUIRED,Post-quantum claim,docs/PROJECT_HANDOVER.md,,YSTALS-Dilithium-5 via `pqcrypto_mldsa` | `fate-binding/src/dilithium.rs` | | Data sovereignty | Edge-first inference; DP-FedLoRA
C00062,BRAND_SAFE,Movement line,docs/PROJECT_HANDOVER.md,,بذرة; "seed") is a sovereign agentic operating system where every human is a node; every node is sovereign; and every action is ethically con
C00063,PROOF_REQUIRED,Ihsan-threshold claim,docs/SECURITY-ARCHITECTURE.md,,k nonce uniqueness | REJECT_NONCE_REPLAY | | IHSAN | Verify Ihsan >= 0.95 | REJECT_IHSAN_BELOW_MIN | | SNR | Verify SNR >= 0.85 | REJ
C00064,PROOF_REQUIRED,Cryptography claim,docs/SECURITY-ARCHITECTURE.md,,LAYER 2: PROTOCOL SECURITY                     | |  - Ed25519 Signatures                                           | |  -
C00065,PROOF_REQUIRED,Cryptography claim,docs/SECURITY-ARCHITECTURE.md,,Signature Verification | ACTIVE | All messages signed with Ed25519 | | Rate Limiting | ACTIVE | Desktop Bridge: 20 req/s per c
C00066,PROOF_REQUIRED,Cryptography claim,docs/SECURITY-ARCHITECTURE.md,,ejected if > 120s clock skew | | Signed Receipts | ACTIVE | Ed25519-signed receipts for all skill invocations | | Skill FATE Ga
C00067,PROOF_REQUIRED,Cryptography claim,docs/SECURITY-ARCHITECTURE.md,,Status | Description | |---------|--------|-------------| | Ed25519 Signatures | ACTIVE | All messages cryptographically signed
C00068,PROOF_REQUIRED,Cryptography claim,docs/SECURITY-ARCHITECTURE.md,,------------------------------------+ | Digital Signature | Ed25519      | RFC 8032    | 256-bit         | | Hashing
C00069,PROOF_REQUIRED,Cryptography claim,docs/SECURITY-ARCHITECTURE.md,,| |   | Node Private Key  | <-- Ed25519; 32 bytes                    | |   +-------------------+
C00070,PROOF_REQUIRED,Cryptography claim,docs/SECURITY-ARCHITECTURE.md,,| |   | Node Public Key   | <-- Ed25519; 32 bytes; shared            | |   +-------------------+
C00071,PROOF_REQUIRED,Cryptography claim,docs/SECURITY-ARCHITECTURE.md,,_message()                                           | |   [Ed25519 Signature] <-- 64 bytes                               | |
C00072,PROOF_REQUIRED,Cryptography claim,docs/SECURITY-ARCHITECTURE.md,,e envelope structure | REJECT_SCHEMA | | SIGNATURE | Verify Ed25519 signature | REJECT_SIGNATURE | | TIMESTAMP | Check clock sk
C00073,PROOF_REQUIRED,Cryptography claim,docs/SECURITY-ARCHITECTURE.md,,Prevents stale state injection | | Signature Verification | Ed25519 on all messages | Prevents message forgery | | Dedup Cache
C00074,PROOF_REQUIRED,Hashing claim,docs/SECURITY-ARCHITECTURE.md,,Signatures                                           | |  - BLAKE3 Hashing                                               | |
C00075,PROOF_REQUIRED,Hashing claim,docs/SECURITY-ARCHITECTURE.md,,atures | ACTIVE | All messages cryptographically signed | | BLAKE3 Hashing | ACTIVE | Fast; secure content hashing | | Domain
C00076,PROOF_REQUIRED,Hashing claim,docs/SECURITY-ARCHITECTURE.md,,| RFC 8032    | 256-bit         | | Hashing           | BLAKE3       | Modern      | 256-bit output  | | Canonicalization
C00077,PROOF_REQUIRED,Hashing claim,docs/SECURITY-ARCHITECTURE.md,,in_separated_digest()                                | |   [BLAKE3 Digest]     <-- Prefix: "bizra-pci-v1:"                | |
C00078,PROOF_REQUIRED,Hashing claim,docs/al-mithaq-al-tasisi.md,,ation and recovery | | 3 | **Proof DPS** | Receipt minting; BLAKE3 chain integrity | | 4 | **Impact Support** | Proof-of-Impac
C00079,PROOF_REQUIRED,Hashing claim,docs/al-mithaq-al-tasisi.md,,<[0.0; 1.0]; must be ≥ 0.95 for PERMIT>;   evidence:      <BLAKE3 chain of binding evidence>;   reflex_time:   <microseconds;
C00080,PROOF_REQUIRED,Hashing claim,docs/al-mithaq-al-tasisi.md,,icroseconds; S2-deliberate or S1-reflex>;   hash:          <BLAKE3 of the receipt itself>;   prev_hash:     <BLAKE3 of the pre
C00081,PROOF_REQUIRED,Hashing claim,docs/al-mithaq-al-tasisi.md,,<BLAKE3 of the receipt itself>;   prev_hash:     <BLAKE3 of the previous receipt in this chain>; } ```  The Genesis
C00082,PROOF_REQUIRED,Hashing claim,docs/al-mithaq-al-tasisi.md,,of this document (to be computed at canonicalization):** `<BLAKE3 pending>` **Chains to Genesis:** `350d642099bde68b` **Ratif
C00083,NEEDS_REWRITE,Production-readiness implication,docs/BIZRA_TECHNICAL_BRIEF_INVESTORS.md,,-proofspace` | Block validation; RFC 8785 canonicalization; LIVE/DEAD/PENDING verdicts | | `bizra-telescript` | Mobile agent
C00084,NEEDS_REWRITE,Exact SNR number,docs/BIZRA_TECHNICAL_BRIEF_INVESTORS.md,,LOC | ~390;000 | Combined Python + Rust | | Quality gates | SNR 0.90; Ihsan 0.96; Coverage 56.65% | CI enforced (`.github/workfl
C00085,NEEDS_REWRITE,Exact SNR number,docs/BIZRA_TECHNICAL_BRIEF_INVESTORS.md,,; ethicist; evaluator) All benchmarks: task_completion 1.0; SNR 0.95 Chain ID: bizra-main-alpha ```  Each attestation includes:
C00086,NEEDS_REWRITE,Exact SNR number,docs/BIZRA_TECHNICAL_BRIEF_INVESTORS.md,,s** | Cryptographically-enforced; not advisory (Ihsan 0.96; SNR 0.90) | | **Sovereignty** | Local-first by design; federate-when
C00087,PROOF_REQUIRED,Cryptography claim,docs/BIZRA_TECHNICAL_BRIEF_INVESTORS.md,,------------|----------| | Proof-Carrying Inference (PCI) | Ed25519 signatures over every inference envelope | `core/pci/envelo
C00088,PROOF_REQUIRED,Cryptography claim,docs/BIZRA_TECHNICAL_BRIEF_INVESTORS.md,,-------|---------| | `bizra-core` | Constitution; identity (Ed25519); FATE gates; Islamic finance primitives | | `bizra-federat
C00089,PROOF_REQUIRED,Cryptography claim,docs/BIZRA_TECHNICAL_BRIEF_INVESTORS.md,,FT consensus:  - **Transport**: Authenticated channels with Ed25519 key exchange - **Consensus**: 67% quorum (Byzantine fault t
C00090,PROOF_REQUIRED,Cryptography claim,docs/BIZRA_TECHNICAL_BRIEF_INVESTORS.md,,ier and version - FATE gate pass/fail results with scores - Ed25519 signature from the originating node - Timestamp and chain p
C00091,PROOF_REQUIRED,Cryptography claim,docs/BIZRA_TECHNICAL_BRIEF_INVESTORS.md,,-------| | Spoofing | MITIGATED | Node identity binding via Ed25519 keypairs | | Tampering | MITIGATED | PCI envelope signature
C00092,PROOF_REQUIRED,Hashing claim,docs/BIZRA_TECHNICAL_BRIEF_INVESTORS.md,,compatibility (SEC-001) | CRITICAL | Python SHA-256 vs Rust BLAKE3 in non-PCI paths. 12h remediation planned. Blocks federatio
C00093,NEEDS_REWRITE,Production-readiness implication,docs/MY_COMPLETE_SEASON_FOLDER_MAP.md,,sequentially.; Target: Wire 5 remaining terminal views with live data + demo fallback.; Time: ~2 hours. Zero new architectur
C00094,NEEDS_REWRITE,Production-readiness implication,docs/BIZRA_Pitch_Deck_Script.md,,ipts. SEED settlement for verified work. The moment this is live; BIZRA moves from a sovereign personal OS to a network.  Th
C00095,NEEDS_REWRITE,Explicit cost figure,docs/BIZRA_Pitch_Deck_Script.md,,ion as of March 2026.  Perplexity Computer is cloud-only at $200 per month. No ownership. No local execution. No economic layer.  Clau
C00096,PROOF_REQUIRED,Ihsan-threshold claim,docs/BIZRA_Pitch_Deck_Script.md,,; files; APIs; models | | 4 | Verify | FATE Gate validates: Ihsan ≥ 0.95; ZANN_ZERO; RIBA_ZERO | | 5 | Mint | Verified work produces
C00097,PROOF_REQUIRED,Ihsan-threshold claim,docs/BIZRA_Pitch_Deck_Script.md,,+ SAT-5 (system governance) - FATE Gate judiciary: Z3 SMT + Ihsan ≥ 0.95 + ZANN_ZERO + RIBA_ZERO - 4-tier cognitive cascade:   - L0
C00098,PROOF_REQUIRED,Formal-verification claim,docs/BIZRA_Pitch_Deck_Script.md,,through the FATE Gate — a formal verification layer running Z3 SMT constraint checking. The gate requires an Ihsan score o
C00099,PROOF_REQUIRED,Formal-verification claim,docs/BIZRA_Pitch_Deck_Script.md,,council) + SAT-5 (system governance) - FATE Gate judiciary: Z3 SMT + Ihsan ≥ 0.95 + ZANN_ZERO + RIBA_ZERO - 4-tier cogniti
C00100,PROOF_REQUIRED,Formal-verification claim,docs/BIZRA_Pitch_Deck_Script.md,,udiciary of the parliament. It runs formal verification via Z3 SMT — the same constraint-solving technology used in aerosp
C00101,PROOF_REQUIRED,Formal-verification claim,docs/BIZRA_Pitch_Deck_Script.md,,y work; which demonstrated a 7.55x speedup. The FATE Gate's Z3 SMT integration aligns with FormalJudge (Zhou et al.; Febru
C00102,BRAND_SAFE,Movement line,docs/BIZRA_Pitch_Deck_Script.md,,-  **Mission Statement (closing; full-slide display):**  > "Every human is a node. Every node is a seed. Every seed has infinite potential."
C00103,BRAND_SAFE,Movement line,docs/BIZRA_Pitch_Deck_Script.md,,(closing; full-slide display):**  > "Every human is a node. Every node is a seed. Every seed has infinite potential." > > بذرة واحدة تصنع غا
C00104,NEEDS_REWRITE,Production-readiness implication,docs/bizra-trust-compiler-thesis.md,,e transition was canonicalized?  As of Cycle-5 G3: **yes**; live-verified via curl and via the dema CLI. Receipt `38037484..
C00105,PROOF_REQUIRED,Hashing claim,docs/bizra-trust-compiler-thesis.md,,ain as noise-resistant communication channel; domain-tagged BLAKE3 as error-correcting code against semantic drift. - **البذرة
C00106,PROOF_REQUIRED,Cryptography claim,docs/SAPE_FRAMEWORK_INTEGRATION.md,,per epoch ```  ### Cryptographic Primitives ``` Signature: Ed25519(sk; message) → σ Verification: Verify(pk; message; σ) → {tr
C00107,PROOF_REQUIRED,Cryptography claim,docs/SAPE_FRAMEWORK_INTEGRATION.md,,ATE dimensions implemented - [x] Merkle DAG structure - [x] Ed25519 signatures - [ ] Formal verification (TLA+ specs)  ### Abst
C00108,PROOF_REQUIRED,Cryptography claim,docs/SOVEREIGNTY.md,,ent | Location | Notes | |-----------|----------|-------| | Ed25519 Keypair Generation | `core/pci/crypto.py` | `generate_keypa
C00109,PROOF_REQUIRED,Zero-telemetry claim,docs/SOVEREIGNTY.md,,Gold) | | No External Telemetry | Architecture | Confirmed: no telemetry calls | | Parquet/DuckDB Backend | `vector_engine.py` | Loc
C00110,PROOF_REQUIRED,Zero-telemetry claim,docs/SOVEREIGNTY.md,,"from core.sovereignty import audit; audit.run()"  # Verify no telemetry grep -r "telemetry\|analytics\|tracking" --include="*.py" |
C00111,PROOF_REQUIRED,Hashing claim,docs/SOVEREIGNTY.md,,ification | `core/pci/crypto.py` | `verify_signature()` | | BLAKE3 Domain Separation | `core/pci/crypto.py` | Prefix: `bizra-p
C00112,PROOF_REQUIRED,Cryptography claim,docs/DIGEST_SPEC.md,,ansport-layer crypto (TLS); git object hashing (SHA-1); and Ed25519's internal > SHA-512 are out of scope — those are governed
C00113,PROOF_REQUIRED,Cryptography claim,docs/DIGEST_SPEC.md,,ng; mint court evidence | | **PCI** (identity; signing) | **Ed25519** pre-image via **BLAKE3** | `blake3` + `pynacl` | Message
C00114,PROOF_REQUIRED,Cryptography claim,docs/DIGEST_SPEC.md,,a **BLAKE3** | `blake3` + `pynacl` | Message hashing before Ed25519 signature | | **Rust workspace** (bizra-core) | **BLAKE3**
C00115,PROOF_REQUIRED,Cryptography claim,docs/DIGEST_SPEC.md,,BIZRA-authored receipt chains use BLAKE3 exclusively.  4. **Ed25519 signing** uses BLAKE3 as the pre-image hash (not SHA-512; w
C00116,PROOF_REQUIRED,Cryptography claim,docs/DIGEST_SPEC.md,,** uses BLAKE3 as the pre-image hash (not SHA-512; which is Ed25519's internal hash). This means the signed value is `Ed25519.s
C00117,PROOF_REQUIRED,Cryptography claim,docs/DIGEST_SPEC.md,,s Ed25519's internal hash). This means the signed value is `Ed25519.sign(BLAKE3(message))`.  ## Verification  ```bash # Verify
C00118,PROOF_REQUIRED,Hashing claim,docs/DIGEST_SPEC.md,,-|---|---|---| | **Proof Engine** (receipts; canonical) | **BLAKE3** | `blake3` PyPI (1.0.8+) | Receipt digests; canonical has
C00119,PROOF_REQUIRED,Hashing claim,docs/DIGEST_SPEC.md,,-| | **Proof Engine** (receipts; canonical) | **BLAKE3** | `blake3` PyPI (1.0.8+) | Receipt digests; canonical hashing; cross-
C00120,PROOF_REQUIRED,Hashing claim,docs/DIGEST_SPEC.md,,erop with Rust | | **Autopoietic Cycles** (reverify.py) | **BLAKE3** (primary) / BLAKE2B-256 (fallback) | `blake3` PyPI / `has
C00121,PROOF_REQUIRED,Hashing claim,docs/DIGEST_SPEC.md,,rify.py) | **BLAKE3** (primary) / BLAKE2B-256 (fallback) | `blake3` PyPI / `hashlib.blake2b` stdlib | Cycle artifact manifest
C00122,PROOF_REQUIRED,Hashing claim,docs/DIGEST_SPEC.md,,| **PCI** (identity; signing) | **Ed25519** pre-image via **BLAKE3** | `blake3` + `pynacl` | Message hashing before Ed25519 si
C00123,PROOF_REQUIRED,Hashing claim,docs/DIGEST_SPEC.md,,dentity; signing) | **Ed25519** pre-image via **BLAKE3** | `blake3` + `pynacl` | Message hashing before Ed25519 signature | |
C00124,PROOF_REQUIRED,Hashing claim,docs/DIGEST_SPEC.md,,e Ed25519 signature | | **Rust workspace** (bizra-core) | **BLAKE3** | `blake3` crate | Must produce identical hashes to Pytho
C00125,PROOF_REQUIRED,Hashing claim,docs/DIGEST_SPEC.md,,gnature | | **Rust workspace** (bizra-core) | **BLAKE3** | `blake3` crate | Must produce identical hashes to Python `blake3` f
C00126,PROOF_REQUIRED,Hashing claim,docs/DIGEST_SPEC.md,,| `blake3` crate | Must produce identical hashes to Python `blake3` for cross-language receipts | | **Loop Proof** (manifest)
C00127,PROOF_REQUIRED,Hashing claim,docs/DIGEST_SPEC.md,,r cross-language receipts | | **Loop Proof** (manifest) | **BLAKE3** via `canonical.blake3_digest()` | `blake3` PyPI | Loop pr
C00128,PROOF_REQUIRED,Hashing claim,docs/DIGEST_SPEC.md,,(manifest) | **BLAKE3** via `canonical.blake3_digest()` | `blake3` PyPI | Loop proof manifest hash |  ## Design Decisions  1.
C00129,PROOF_REQUIRED,Hashing claim,docs/DIGEST_SPEC.md,,yPI | Loop proof manifest hash |  ## Design Decisions  1. **BLAKE3 is the primary digest for all new code.** It is faster than
C00130,PROOF_REQUIRED,Hashing claim,docs/DIGEST_SPEC.md,,tion.  2. **BLAKE2B-256 is acceptable as a fallback** when `blake3` PyPI is not available (e.g.; minimal Docker images; CI wit
C00131,PROOF_REQUIRED,Hashing claim,docs/DIGEST_SPEC.md,,nd third-party libraries. BIZRA-authored receipt chains use BLAKE3 exclusively.  4. **Ed25519 signing** uses BLAKE3 as the pre
C00132,PROOF_REQUIRED,Hashing claim,docs/DIGEST_SPEC.md,,chains use BLAKE3 exclusively.  4. **Ed25519 signing** uses BLAKE3 as the pre-image hash (not SHA-512; which is Ed25519's inte
C00133,PROOF_REQUIRED,Hashing claim,docs/DIGEST_SPEC.md,,nternal hash). This means the signed value is `Ed25519.sign(BLAKE3(message))`.  ## Verification  ```bash # Verify BLAKE3 is in
C00134,PROOF_REQUIRED,Hashing claim,docs/DIGEST_SPEC.md,,.sign(BLAKE3(message))`.  ## Verification  ```bash # Verify BLAKE3 is installed and produces expected output python -c " impor
C00135,PROOF_REQUIRED,Hashing claim,docs/DIGEST_SPEC.md,,s installed and produces expected output python -c " import blake3 h = blake3.blake3(b'bizra').hexdigest() assert h == '5e8f0f
C00136,PROOF_REQUIRED,Hashing claim,docs/DIGEST_SPEC.md,,and produces expected output python -c " import blake3 h = blake3.blake3(b'bizra').hexdigest() assert h == '5e8f0f08e2c1e6b56
C00137,PROOF_REQUIRED,Hashing claim,docs/DIGEST_SPEC.md,,oduces expected output python -c " import blake3 h = blake3.blake3(b'bizra').hexdigest() assert h == '5e8f0f08e2c1e6b56db5dd3d
C00138,PROOF_REQUIRED,Hashing claim,docs/DIGEST_SPEC.md,,a8ae8c6e6f0a8b0d6c4e2a0f8d6b4a2c0e8f6'[:64] or True print(f'BLAKE3 operational: {h[:16]}...') " ```  ## Cross-Language Interop
C00139,PROOF_REQUIRED,Hashing claim,docs/DIGEST_SPEC.md,,module `core.proof_engine.canonical` must produce identical BLAKE3 digests for the same input. This is verified by `tests/core
C00140,NEEDS_REWRITE,Production-readiness implication,docs/INTEGRATION_CONTRACTS.md,,to-noise ratio [0.0; 1.0].             ttl_seconds: Time-to-live in seconds.          Returns:             Signed PCIEnvelop
C00141,PROOF_REQUIRED,Cryptography claim,docs/INTEGRATION_CONTRACTS.md,,ad: Dict[str; Any]     signature: str              # Base64 Ed25519 signature     public_key: str             # Base64 Ed25519
C00142,PROOF_REQUIRED,Cryptography claim,docs/INTEGRATION_CONTRACTS.md,,Ed25519 signature     public_key: str             # Base64 Ed25519 public key  @dataclass class VerificationResult:     """Res
C00143,PROOF_REQUIRED,Cryptography claim,docs/INTEGRATION_CONTRACTS.md,,1. Check TTL not expired             2. Verify Ed25519 signature             3. Check ihsan_score >= 0.95
C00144,PROOF_REQUIRED,Hashing claim,docs/INTEGRATION_CONTRACTS.md,,: Optional[str]     payload_hash: str     node_hash: str  # blake3(state || timestamp || parent_hash || payload_hash)  @datacl
C00145,PROHIBITED,Unsubstantiated certification,docs/THREAT-MODEL-V3.md,,-------| | GDPR | Data encryption; audit logs | PARTIAL | | SOC 2 | Access controls; monitoring | PARTIAL | | ISO 27001 | Com
C00146,PROHIBITED,Unsubstantiated certification,docs/THREAT-MODEL-V3.md,,RTIAL | | SOC 2 | Access controls; monitoring | PARTIAL | | ISO 27001 | Comprehensive security framework | PARTIAL |  ---  ## 11.
C00147,PROOF_REQUIRED,Cryptography claim,docs/THREAT-MODEL-V3.md,,dium-severity issues: 5 - Cryptographic foundations: SOUND (Ed25519 + BLAKE3)  ---  ## 1. System Architecture Overview  ### 1.1
C00148,PROOF_REQUIRED,Cryptography claim,docs/THREAT-MODEL-V3.md,,--------------| | TB-1 | Internet <-> Node | UDP transport; Ed25519 signatures | | TB-2 | Node <-> Node | Mutual authentication
C00149,PROOF_REQUIRED,Cryptography claim,docs/THREAT-MODEL-V3.md,,Identity Spoofing | Attacker claims to be legitimate node | Ed25519 public key binding in peer registry | MITIGATED | | S-002 |
C00150,PROOF_REQUIRED,Cryptography claim,docs/THREAT-MODEL-V3.md,,ctions are STRONG. The system correctly binds identities to Ed25519 keypairs and verifies signatures before processing.  ### 2.
C00151,PROOF_REQUIRED,Cryptography claim,docs/THREAT-MODEL-V3.md,,odify vote signatures | Domain-separated BLAKE3 digest with Ed25519 verification | MITIGATED | | T-003 | Timestamp Manipulation
C00152,PROOF_REQUIRED,Cryptography claim,docs/THREAT-MODEL-V3.md,,--------|----------|----------|------------| | Signatures | Ed25519 | 256-bit | RFC 8032 | STRONG | | Hashing | BLAKE3 | 256-bi
C00153,PROOF_REQUIRED,Cryptography claim,docs/THREAT-MODEL-V3.md,,------|---------------|----------------| | Key Generation | Ed25519 via cryptography library | ADEQUATE | | Key Storage | Hex s
C00154,PROOF_REQUIRED,Cryptography claim,docs/THREAT-MODEL-V3.md,,e limiting   - IP reputation scoring  Layer 2: Protocol   - Ed25519 signatures (already implemented)   - Domain-separated hashi
C00155,PROOF_REQUIRED,Cryptography claim,docs/THREAT-MODEL-V3.md,,---------|----------------| | Identity Management | ID.AM | Ed25519 keypairs; peer registry | | Access Control | PR.AC | FATE G
C00156,PROOF_REQUIRED,Cryptography claim,docs/THREAT-MODEL-V3.md,,alized AI governance system. The cryptographic foundations (Ed25519 + BLAKE3) are sound; the BFT consensus implementation corre
C00157,PROOF_REQUIRED,Hashing claim,docs/THREAT-MODEL-V3.md,,ity issues: 5 - Cryptographic foundations: SOUND (Ed25519 + BLAKE3)  ---  ## 1. System Architecture Overview  ### 1.1 Security
C00158,PROOF_REQUIRED,Hashing claim,docs/THREAT-MODEL-V3.md,,Vote Tampering | Modify vote signatures | Domain-separated BLAKE3 digest with Ed25519 verification | MITIGATED | | T-003 | Ti
C00159,PROOF_REQUIRED,Hashing claim,docs/THREAT-MODEL-V3.md,,tures | Ed25519 | 256-bit | RFC 8032 | STRONG | | Hashing | BLAKE3 | 256-bit | Modern | STRONG | | JSON Canonicalization | JCS
C00160,PROOF_REQUIRED,Hashing claim,docs/THREAT-MODEL-V3.md,,eparated_digest(canonical_data: bytes) -> str:     hasher = blake3.blake3()     hasher.update(PCI_DOMAIN_PREFIX.encode('utf-8'
C00161,PROOF_REQUIRED,Hashing claim,docs/THREAT-MODEL-V3.md,,d_digest(canonical_data: bytes) -> str:     hasher = blake3.blake3()     hasher.update(PCI_DOMAIN_PREFIX.encode('utf-8'))
C00162,PROOF_REQUIRED,Hashing claim,docs/THREAT-MODEL-V3.md,,governance system. The cryptographic foundations (Ed25519 + BLAKE3) are sound; the BFT consensus implementation correctly prev
C00163,PROOF_REQUIRED,Cryptography claim,docs/bizra-native-sovereignty-v1.md,,mean: - **Reinventing every primitive.** BIZRA uses BLAKE3; Ed25519; standard cryptographic primitives — these are open; peer-r
C00164,PROOF_REQUIRED,Local-only / no-cloud claim,docs/bizra-native-sovereignty-v1.md,,dden PAT/SAT; mission-runtime connector; local persistence; local-only URP view; local-only PoI basis. - **Future image (not yet):
C00165,PROOF_REQUIRED,Local-only / no-cloud claim,docs/bizra-native-sovereignty-v1.md,,-runtime connector; local persistence; local-only URP view; local-only PoI basis. - **Future image (not yet):** HyperBlockTree acr
C00166,PROOF_REQUIRED,Hashing claim,docs/bizra-native-sovereignty-v1.md,,oes not mean: - **Reinventing every primitive.** BIZRA uses BLAKE3; Ed25519; standard cryptographic primitives — these are ope
C00167,PROOF_REQUIRED,Cryptography claim,docs/TESTING.md,,roof Engine | `tests/core/proof_engine/` | ~553 | Receipts; Ed25519; BLAKE3; evidence ledger; POI | | Sovereign Runtime | `test
C00168,PROOF_REQUIRED,Cryptography claim,docs/TESTING.md,,Token System | `tests/core/token/` | ~87 | Ledger; minting; Ed25519 transactions | | Skills | `tests/core/skills/` | ~83 | Skil
C00169,PROOF_REQUIRED,Hashing claim,docs/TESTING.md,,ne | `tests/core/proof_engine/` | ~553 | Receipts; Ed25519; BLAKE3; evidence ledger; POI | | Sovereign Runtime | `tests/core/s
C00170,PROOF_REQUIRED,Hashing claim,docs/SMART_FILE_MANAGEMENT.md,,ename  Batch rename files with pattern expansion + optional BLAKE3 hash suffix. **Dry-run by default.**  | Input | Type | Requ
C00171,PROOF_REQUIRED,Hashing claim,docs/SMART_FILE_MANAGEMENT.md,,| `{n}` | Sequential number | `1`; `2`; `3` | | `{hash}` | BLAKE3 content hash (16 chars) | `a1b2c3d4e5f6g7h8` | | `{date}` |
C00172,PROOF_REQUIRED,Hashing claim,docs/SMART_FILE_MANAGEMENT.md,,of tokens (`_SAFE_TOKENS`). No dynamic code execution.  ### BLAKE3 Hashing  File content hashing uses BLAKE3 via `core.proof_e
C00173,PROOF_REQUIRED,Hashing claim,docs/SMART_FILE_MANAGEMENT.md,,e execution.  ### BLAKE3 Hashing  File content hashing uses BLAKE3 via `core.proof_engine.canonical.hex_digest()` (SEC-001 com
C00174,PROOF_REQUIRED,Hashing claim,docs/SMART_FILE_MANAGEMENT.md,,hex_digest()` (SEC-001 compliant). Falls back to SHA-256 if BLAKE3 is unavailable.  ### FATE Gate  All skill invocations pass
C00175,NEEDS_REWRITE,Production-readiness implication,docs/PROJECT_MANAGEMENT_ROADMAP_v1.0.md,,+-- [4.5.3] Incident Response Plan         +-- [4.5.4] Go-Live Approval ```  ### 2.2 WBS Dictionary  | WBS ID | Task Name
C00176,NEEDS_REWRITE,Production-readiness implication,docs/PROJECT_MANAGEMENT_ROADMAP_v1.0.md,,rational dashboards | 5+ dashboards | 2 days | | 4.5.4 | Go-Live Approval | Final launch authorization | Sign-off document |
C00177,NEEDS_REWRITE,Production-readiness implication,docs/PROJECT_MANAGEMENT_ROADMAP_v1.0.md,,|===|   [4.5.4] Go-Live
C00178,NEEDS_REWRITE,Production-readiness implication,docs/PROJECT_MANAGEMENT_ROADMAP_v1.0.md,,ts (3d)  <-- Required for production     |     v [4.5.4] Go-Live Approval (1d)  <-- Final gate  ----------------------------
C00179,NEEDS_REWRITE,Production-readiness implication,docs/PROJECT_MANAGEMENT_ROADMAP_v1.0.md,,ity stack deployed<br>- Operations runbook complete<br>- Go-live approval obtained |  ---  ## 4. Resource Allocation Matrix
C00180,NEEDS_REWRITE,Production-readiness implication,docs/PROJECT_MANAGEMENT_ROADMAP_v1.0.md,,cident Response Plan | A | C | R | C | C | C | | 4.5.4 | Go-Live Approval | R | I | A | A | A | I |  ---  ## 6. Risk Registe
C00181,NEEDS_REWRITE,Production-readiness implication,docs/PROJECT_MANAGEMENT_ROADMAP_v1.0.md,,ready Week 9 | Manual deployment for launch; pipeline post-GA |  ---  ## 7. Quality Management Plan  ### 7.1 Quality Obje
C00182,NEEDS_REWRITE,Production-readiness implication,docs/PROJECT_MANAGEMENT_ROADMAP_v1.0.md,,ion complete and reviewed - [ ] Training delivered - [ ] Go-live checklist complete - [ ] Stakeholder approval obtained  ---
C00183,NEEDS_REWRITE,Production-readiness implication,docs/PROJECT_MANAGEMENT_ROADMAP_v1.0.md,,| Bi-weekly | Risk register update | TL | Meeting | | **Go-Live Readiness** | All Stakeholders | Week 11-12 | Checklist rev
C00184,NEEDS_REWRITE,Production-readiness implication,docs/PROJECT_MANAGEMENT_ROADMAP_v1.0.md,,on validation | K8s cluster (3 nodes) | DE | | Production | Live service | K8s cluster (5+ nodes) | Ops | | Chaos | Failure
C00185,PROOF_REQUIRED,Ihsan-threshold claim,docs/PROJECT_MANAGEMENT_ROADMAP_v1.0.md,,y** | Development + Infrastructure | | **Quality Target** | Ihsan >= 0.95; SNR >= 0.85 |  ### 1.2 Phase Status Summary  | Phase | Des
C00186,PROOF_REQUIRED,Ihsan-threshold claim,docs/PROJECT_MANAGEMENT_ROADMAP_v1.0.md,,tomated quality gates 5. Docker/K8s deployment validated 6. Ihsan >= 0.95 enforced at all gate chains  ---  ## 2. Work Breakdown Stru
C00187,PROOF_REQUIRED,Ihsan-threshold claim,docs/PROJECT_MANAGEMENT_ROADMAP_v1.0.md,,validated (<5 min RTO) [ ] All stakeholders signed off [ ] Ihsan >= 0.95 verified in production smoke test =========================
C00188,PROOF_REQUIRED,Cryptography claim,docs/PROJECT_MANAGEMENT_ROADMAP_v1.0.md,,--------------|-------------| | 2.1.1 | Identity & Crypto | Ed25519 signing; BLAKE3 hashing | 5 passing tests | 3 days | | 2.1.
C00189,PROOF_REQUIRED,Cryptography claim,docs/PROJECT_MANAGEMENT_ROADMAP_v1.0.md,,ode | Code fix + tests | 2 days | | 3.1.2 | Signed Gossip | Ed25519 signatures on gossip | Code fix + tests | 3 days | | 3.2.3
C00190,PROOF_REQUIRED,Cryptography claim,docs/PROJECT_MANAGEMENT_ROADMAP_v1.0.md,,Target | Status | |--------|---------|--------|--------| | Ed25519 sign | 57K/sec | >10K/sec | PASS | | Ed25519 verify | 28K/s
C00191,PROOF_REQUIRED,Cryptography claim,docs/PROJECT_MANAGEMENT_ROADMAP_v1.0.md,,--|--------| | Ed25519 sign | 57K/sec | >10K/sec | PASS | | Ed25519 verify | 28K/sec | >10K/sec | PASS | | BLAKE3 hash | 5.8M/s
C00192,PROOF_REQUIRED,Hashing claim,docs/PROJECT_MANAGEMENT_ROADMAP_v1.0.md,,-----------| | 2.1.1 | Identity & Crypto | Ed25519 signing; BLAKE3 hashing | 5 passing tests | 3 days | | 2.1.2 | PCI Envelope
C00193,PROOF_REQUIRED,Hashing claim,docs/PROJECT_MANAGEMENT_ROADMAP_v1.0.md,,c | PASS | | Ed25519 verify | 28K/sec | >10K/sec | PASS | | BLAKE3 hash | 5.8M/sec | >1M/sec | PASS | | PCI envelope create |
C00194,PROOF_REQUIRED,Formal-verification claim,docs/PROJECT_MANAGEMENT_ROADMAP_v1.0.md,,--|-------------|-----------| | **Ihsan Score** | >= 0.95 | Z3 SMT formal verification | Every gate passage | | **SNR Scor
C00195,PROOF_REQUIRED,Cryptography claim,docs/ARCHITECTURE_BLUEPRINT_v2.3.0.md,,VEREIGN"   payload: "JSON-serialized message"   signature: "Ed25519 signature"   timestamp: "ISO-8601"   ttl: "Seconds until ex
C00196,PROOF_REQUIRED,Cryptography claim,docs/ARCHITECTURE_BLUEPRINT_v2.3.0.md,,1.0]"  verification:   1. Check TTL not expired   2. Verify Ed25519 signature   3. Check ihsan_score >= 0.95   4. Check snr_sco
C00197,PROOF_REQUIRED,Cryptography claim,docs/ARCHITECTURE_BLUEPRINT_v2.3.0.md,,```  ### 9.2 Cryptographic Primitives  ```yaml signatures: Ed25519   - Fast verification (100;000+/sec)   - 256-bit security
C00198,PROOF_REQUIRED,Cryptography claim,docs/ARCHITECTURE_BLUEPRINT_v2.3.0.md,,Federation layer (gossip; consensus) [x] PCI protocol with Ed25519 [ ] NTU Rust port (in spec) ```  ### 11.2 Phase 2: Performa
C00199,PROOF_REQUIRED,Hashing claim,docs/ARCHITECTURE_BLUEPRINT_v2.3.0.md,,active -> active: "branch()"  merkle_dag:   hash_algorithm: BLAKE3   node_content: (state; timestamp; parent_hash; payload_has
C00200,PROOF_REQUIRED,Hashing claim,docs/ARCHITECTURE_BLUEPRINT_v2.3.0.md,,256-bit security   - Deterministic (reproducible)  hashing: BLAKE3   - 2x faster than SHA-256   - SIMD optimized   - Tree mode
C00201,PROOF_REQUIRED,Relative-performance claim,docs/ARCHITECTURE_BLUEPRINT_v2.3.0.md,,urity   - Deterministic (reproducible)  hashing: BLAKE3   - 2x faster than SHA-256   - SIMD optimized   - Tree mode for parallel
C00202,NEEDS_REWRITE,Production-readiness implication,docs/DEVOPS_BLUEPRINT.md,,ite | >= 0.98 | Production-critical | | T1 High | >= 0.95 | Production-ready | | T2 Standard | >= 0.90 | General use | | T3 Acceptable |
C00203,PROOF_REQUIRED,Ihsan-threshold claim,docs/DEVOPS_BLUEPRINT.md,,every stage. No deployment proceeds without SNR >= 0.85 and Ihsan >= 0.95 (production).
C00204,PROOF_REQUIRED,Relative-performance claim,docs/REVERSE_SCALING_PROOF.md,,reduction (Central Limit Theorem). With 100 nodes; error is 10x smaller than with 1 node. With 10;000 nodes; error is 100x smaller.
C00205,PROOF_REQUIRED,Cryptography claim,docs/IHSAN_COMPLIANCE_MATRIX.md,,-----| | Cryptographic Integrity | signature_valid | 100% | Ed25519 verify | | State Authenticity | merkle_proof_valid | 100% |
C00206,PROOF_REQUIRED,Cryptography claim,docs/IHSAN_COMPLIANCE_MATRIX.md,,in core/elite/compute_market.py # # Trustworthiness: #   - Ed25519 signature verification           (core/pci/envelope.py) #
C00207,PROOF_REQUIRED,Hashing claim,docs/IHSAN_COMPLIANCE_MATRIX.md,,gnature verification           (core/pci/envelope.py) #   - BLAKE3 content hashing                   (core/proof_engine/canoni
C00208,PROOF_REQUIRED,Ihsan-threshold claim,docs/BIZRA-ECOSYSTEM-MAP.md,,│  │  - Synthesis        │ ││     │  │  │ - Feedback  │  │  Ihsan≥0.99 │  │  - Abstraction      │ ││     │  │  └─────────────┘  └─
C00209,PROOF_REQUIRED,Ihsan-threshold claim,docs/BIZRA-ECOSYSTEM-MAP.md,,sion Point detection | | Safety Stack | 7-layer validation (Ihsan >= 0.99) | | Synergy Detector | Cross-domain pattern recognition |
C00210,BRAND_SAFE,Movement line,docs/BIZRA-ECOSYSTEM-MAP.md,,OUNDATIONAL TRUTH**: BIZRA (بذرة) means "seed" in Arabic. > Every human is a node. Every node is a seed. Every seed has infinite potential. >
C00211,BRAND_SAFE,Movement line,docs/BIZRA-ECOSYSTEM-MAP.md,,ZRA (بذرة) means "seed" in Arabic. > Every human is a node. Every node is a seed. Every seed has infinite potential. > This document describ
C00212,PROOF_REQUIRED,Cryptography claim,docs/METRICS_CANONICAL.md,,; loop proof; Ihsan scoring; evidence audit | | pci | 122 | Ed25519 signing; RFC 8785 canonicalization; domain separation | | t
C00213,PROOF_REQUIRED,Hashing claim,docs/METRICS_CANONICAL.md,,t verifies | |---|---|---| | proof_engine | 703 | Receipts; BLAKE3 chains; FATE gate; loop proof; Ihsan scoring; evidence audi
C00214,PROOF_REQUIRED,Cryptography claim,docs/PERFORMANCE_ENGINEERING_PLAN.md,,JSON parse   - verify_signature()       | 0.5ms          | Ed25519   - _merge_node_state()      | 0.1ms          | dict lookup
C00215,PROOF_REQUIRED,Cryptography claim,docs/PERFORMANCE_ENGINEERING_PLAN.md,,| O(1) ConsensusEngine.cast_vote()  | 2ms            | Ed25519 sign ConsensusEngine.receive_vote()| 3ms           | verify
C00216,PROOF_REQUIRED,Cryptography claim,docs/PERFORMANCE_ENGINEERING_PLAN.md,,fy + quorum   - verify_signature()       | 0.5ms          | Ed25519   - duplicate check          | O(votes)       | linear scan
C00217,PROOF_REQUIRED,Cryptography claim,docs/PERFORMANCE_ENGINEERING_PLAN.md,,ashMap | | Batch verify | O(v*0.5ms) | **O(v*5us)** | Batch Ed25519 | | Quorum check | O(1) | **O(1)** | Same |  ---  ## 4. Opt
C00218,PROOF_REQUIRED,Cryptography claim,docs/PERFORMANCE_ENGINEERING_PLAN.md,,``  ### 9.2 Signature Batch Verification  ```rust /// Batch Ed25519 verification using ed25519-dalek pub fn batch_verify_signat
C00219,PROOF_REQUIRED,Cryptography claim,docs/PERFORMANCE_ENGINEERING_PLAN.md,,Verification  ```rust /// Batch Ed25519 verification using ed25519-dalek pub fn batch_verify_signatures(     messages: &[&[u8]
C00220,PROOF_REQUIRED,Relative-performance claim,docs/PERFORMANCE_ENGINEERING_PLAN.md,,ed25519_dalek::verify_batch;      // Batch verification is ~2x faster than individual     verify_batch(messages; signatures; publ
C00221,PROOF_REQUIRED,Hashing claim,docs/ELITE_FULLSTACK_BLUEPRINT.md,,--data-dir sovereign_state/genesis ```  Pipeline: ceremony (BLAKE3 identity) -> orchestrator (12-step bootstrap) -> heartbeat
C00222,NEEDS_REWRITE,Production-readiness implication,docs/WIRING_GUIDE.md,,# Wiring Guide — Demo → Live Backend  The cockpit runs in demo mode by default (hardcode
C00223,NEEDS_REWRITE,Production-readiness implication,docs/WIRING_GUIDE.md,,data; simulated missions). Three changes connect it to the live NODE0 backend.  ## Prerequisites  Verify these are running:
C00224,NEEDS_REWRITE,Production-readiness implication,docs/WIRING_GUIDE.md,,dge (9742) all responding.  ---  ## Change 1: Ghost Panel — live suggestions  **File:** `src/App.jsx`  Find the `GHOSTS` arr
C00225,NEEDS_REWRITE,Production-readiness implication,docs/WIRING_GUIDE.md,,=> ({ ...p; ghosts: GHOSTS })); ```  Ghost Panel now shows live suggestions from `self_harness.py → ghost_ws.py`.  ---  ##
C00226,NEEDS_REWRITE,Production-readiness implication,docs/WIRING_GUIDE.md,,harness.py → ghost_ws.py`.  ---  ## Change 2: Trust Panel — live verification  **File:** `src/App.jsx`  Add import and polli
C00227,NEEDS_REWRITE,Production-readiness implication,docs/WIRING_GUIDE.md,,erval(interval); }; [s.up]); ```  Trust Panel now polls the live kernel every 5 seconds.  ---  ## Change 3: Mission executio
C00228,NEEDS_REWRITE,Production-readiness implication,docs/WIRING_GUIDE.md,,nel every 5 seconds.  ---  ## Change 3: Mission execution — live 9-stage pipeline  **File:** `src/App.jsx`  Add import:  ```
C00229,NEEDS_REWRITE,Production-readiness implication,docs/WIRING_GUIDE.md,,`quest` function; replace the simulated stage messages with live SSE:  ```javascript // Replace the stageMessages loop with:
C00230,NEEDS_REWRITE,Production-readiness implication,docs/WIRING_GUIDE.md,,s now execute through the real 9-stage MissionExecutor with live stage streaming.  ---  ## Verification  After all 3 changes
C00231,NEEDS_REWRITE,Production-readiness implication,docs/WIRING_GUIDE.md,,**Trust Panel**: Right rail should show 5 green checks with live Ihsan score. 3. **Mission**: Type a quest. Watch 9 stages l
C00232,NEEDS_REWRITE,Production-readiness implication,docs/WIRING_GUIDE.md,,SAT-5 agents working inside.  ## Change 4 (optional): URP — live resource pool  ```javascript import { fetchURP } from "./br
C00233,NEEDS_REWRITE,Production-readiness implication,docs/ORGANISM_STATE_v0.89.0.md,,tate survives restarts (JSONL + JSON snapshot) | | bizra.ai live data | **VERIFIED** | Real metrics via API (12;680 tests; 2
C00234,NEEDS_REWRITE,Production-readiness implication,docs/ORGANISM_STATE_v0.89.0.md,,t/s).  2. **URP genesis minted** — Constitutional membrane live with 100;000 SEED treasury; 2;500 Zakat pool; 5 SAT agents.
C00235,NEEDS_REWRITE,Production-readiness implication,docs/ORGANISM_STATE_v0.89.0.md,,d hardcoded 8;237 tests; now shows real 12;680. API returns live metrics. CI fully GREEN (8/8).  5. **Ollama model config**
C00236,NEEDS_REWRITE,Exact SNR number,docs/ORGANISM_STATE_v0.89.0.md,,| **VERIFIED** | Python/Rust thresholds match (Ihsan 0.95; SNR 0.85; T0 0.98) | | Autopoiesis wiring | **PARTIAL** | Opt-in; wi
C00237,PROOF_REQUIRED,Cryptography claim,docs/ORGANISM_STATE_v0.89.0.md,,[VERIFIED] Layer 0: EVIDENCE             — BLAKE3 chains; Ed25519; JSONL             [VERIFIED] ```  ---  ## 2. Verified Matu
C00238,PROOF_REQUIRED,Cryptography claim,docs/ORGANISM_STATE_v0.89.0.md,,n | | Sovereign identity | **VERIFIED** | 12 agents minted (Ed25519); system prompt active | | SEED economics | **VERIFIED** |
C00239,PROOF_REQUIRED,Hashing claim,docs/ORGANISM_STATE_v0.89.0.md,,ge grows         [VERIFIED] Layer 0: EVIDENCE             — BLAKE3 chains; Ed25519; JSONL             [VERIFIED] ```  ---  ##
C00240,PROOF_REQUIRED,Hashing claim,docs/ORGANISM_STATE_v0.89.0.md,,| | Receipt chain threading | **VERIFIED** | Cross-session BLAKE3 linking; chain_head persisted | | Home Base awareness | **V
C00241,PROOF_REQUIRED,Hashing claim,docs/ORGANISM_STATE_v0.89.0.md,,blisher 96% coverage | | Invite system | **VERIFIED** | 10+ BLAKE3-derived codes; single-use; 30-day TTL | | Security audit |
C00242,PROOF_REQUIRED,Formal-verification claim,docs/ORGANISM_STATE_v0.89.0.md,,ted; 4 knowledge entries; membrane rejects Ihsan < 0.95 | | Z3 formal proofs | **VERIFIED** | All 4 membrane properties UN
C00243,PROOF_REQUIRED,Formal-verification claim,docs/ORGANISM_STATE_v0.89.0.md,,2. Run 117 PCI tests pytest tests/core/pci/ -q  # 3. Run 18 Z3 membrane proofs pytest tests/core/proofs/test_membrane_prop
C00244,NEEDS_REWRITE,Production-readiness implication,docs/bizra-replay-mismatch-guard-v1.md,,or Cycle-6 G1.  Origin state at paste time: - `278273d6` G1 live-verified (Cycle-6 close) - `1e50d970` G1 Phase 2 HTTP handl
C00245,NEEDS_REWRITE,Production-readiness implication,docs/bizra-replay-mismatch-guard-v1.md,,+ right answer) - Cycle-6 G1 closure evidence: `cycle-6/g1-live-verification.md` - Triggering commit at paste time: `650a55
C00246,NEEDS_REWRITE,Production-readiness implication,docs/ROLLBACK-RUNBOOK-Cycle-5.md,,identified | | Nuclear rollback tested | NOT tested against live repo (procedure documented only) |  ---  *Filed per DevOps
C00247,NEEDS_REWRITE,Explicit cost figure,docs/BIZRA_Technical_White_Paper_v1.md,,Computer orchestrates multiple models but is cloud-only at \$200/month with no user ownership. Claude Code ships a capable desktop
C00248,PROOF_REQUIRED,Cryptography claim,docs/BIZRA_Technical_White_Paper_v1.md,,log entry. It is a first-class architectural primitive: an Ed25519-signed artifact that captures the full execution lineage of
C00249,PROOF_REQUIRED,Cryptography claim,docs/BIZRA_Technical_White_Paper_v1.md,,Surface                                               │ │  Ed25519-signed CycleReceipts · Daily Manifests · Evidence Bundles
C00250,PROOF_REQUIRED,Cryptography claim,docs/BIZRA_Technical_White_Paper_v1.md,,tion · Invariant enforcement │ │  BLAKE3 hasher (349 LOC) · Ed25519 signing · Sippar (485 LOC)       │ └───────────────────────
C00251,PROOF_REQUIRED,Cryptography claim,docs/BIZRA_Technical_White_Paper_v1.md,,nts; the cryptographic primitives (BLAKE3 canonical hasher; Ed25519 signing); and the fail-closed policy membrane. No runtime i
C00252,PROOF_REQUIRED,Cryptography claim,docs/BIZRA_Technical_White_Paper_v1.md,,re federation.  **L5 — Proof Surface:** The evidence plane. Ed25519-signed CycleReceipts; daily manifests (24-hour BLAKE3 aggre
C00253,PROOF_REQUIRED,Cryptography claim,docs/BIZRA_Technical_White_Paper_v1.md,,gate_passed is false             | | `signature`          | Ed25519 bytes  | Cryptographic signature over all above fields   |
C00254,PROOF_REQUIRED,Cryptography claim,docs/BIZRA_Technical_White_Paper_v1.md,,able without a central authority.  Receipts are signed with Ed25519. Batch verification via SIMD is supported for high-throughp
C00255,PROOF_REQUIRED,Cryptography claim,docs/BIZRA_Technical_White_Paper_v1.md,,aining a compact; auditable 349-LOC Rust implementation.  **Ed25519 Signatures:** All CycleReceipts are signed with Ed25519. Ba
C00256,PROOF_REQUIRED,Cryptography claim,docs/BIZRA_Technical_White_Paper_v1.md,,**Ed25519 Signatures:** All CycleReceipts are signed with Ed25519. Batch verification is supported for SIMD-accelerated repla
C00257,PROOF_REQUIRED,Cryptography claim,docs/BIZRA_Technical_White_Paper_v1.md,,ZRA is not yet using ML-DSA in production receipt signing — Ed25519 remains the active scheme — but the dependency exists and t
C00258,PROOF_REQUIRED,Cryptography claim,docs/BIZRA_Technical_White_Paper_v1.md,,5 LOC Rust; Babylonian regular numbers                  | | Ed25519 Receipt Signing          | VERIFIED  | 7+ signed receipts o
C00259,PROOF_REQUIRED,Cryptography claim,docs/BIZRA_Technical_White_Paper_v1.md,,in               | VERIFIED  | 7+ receipts; BLAKE3-chained; Ed25519-signed               | | Daily Manifest                   |
C00260,PROOF_REQUIRED,Cryptography claim,docs/BIZRA_Technical_White_Paper_v1.md,,--- | ----- | ------------ | | Signed receipts    | 7+    | Ed25519 verified | | Daily manifests    | 2     | BLAKE3 hash confi
C00261,PROOF_REQUIRED,Local-only / no-cloud claim,docs/BIZRA_Technical_White_Paper_v1.md,,* — runs entirely on user hardware; no mandatory telemetry; no cloud dependency 2. **Agent Market** — skills become composable; tradeable o
C00262,PROOF_REQUIRED,Local-only / no-cloud claim,docs/BIZRA_Technical_White_Paper_v1.md,,2.5-32b; llava-7b; qwen2.5-coder-32b) with Ollama fallback. No cloud dependency required.  **L4 — Operator Surface:** The human-facing shel
C00263,PROOF_REQUIRED,Local-only / no-cloud claim,docs/BIZRA_Technical_White_Paper_v1.md,,ure | | AutoHotkey (2003–present) | Local-first automation; no cloud dependency | BYOB model architecture; no mandatory telemetry | | Model
C00264,PROOF_REQUIRED,Hashing claim,docs/BIZRA_Technical_White_Paper_v1.md,,e proof of impact yield. Receipts chain into each other via BLAKE3 hashing; forming an evidence trail that is tamper-evident b
C00265,PROOF_REQUIRED,Hashing claim,docs/BIZRA_Technical_White_Paper_v1.md,,ed CycleReceipts · Daily Manifests · Evidence Bundles  │ │  BLAKE3 hash chaining · Benchmark campaigns · Replay artifacts
C00266,PROOF_REQUIRED,Hashing claim,docs/BIZRA_Technical_White_Paper_v1.md,,ng · Monotonic gate maturation · Invariant enforcement │ │  BLAKE3 hasher (349 LOC) · Ed25519 signing · Sippar (485 LOC)
C00267,PROOF_REQUIRED,Hashing claim,docs/BIZRA_Technical_White_Paper_v1.md,,s; the three hard invariants; the cryptographic primitives (BLAKE3 canonical hasher; Ed25519 signing); and the fail-closed pol
C00268,PROOF_REQUIRED,Hashing claim,docs/BIZRA_Technical_White_Paper_v1.md,,ane. Ed25519-signed CycleReceipts; daily manifests (24-hour BLAKE3 aggregations); evidence bundles for external review; and be
C00269,PROOF_REQUIRED,Hashing claim,docs/BIZRA_Technical_White_Paper_v1.md,,────────────  ────────────── L0      Reflex Cache      O(1) BLAKE3 hash lookup        < 1 ms L1      Pattern Recall    Cosine
C00270,PROOF_REQUIRED,Hashing claim,docs/BIZRA_Technical_White_Paper_v1.md,,te     Full context ```  **L0 — Reflex Cache:** Exact-match BLAKE3 hash lookup against a registry of validated; constitutional
C00271,PROOF_REQUIRED,Hashing claim,docs/BIZRA_Technical_White_Paper_v1.md,,cates  7    Receipt Chain          Emit CycleReceipt; chain BLAKE3 hash  8    Metabolic Ledger       Record emission; apply de
C00272,PROOF_REQUIRED,Hashing claim,docs/BIZRA_Technical_White_Paper_v1.md,,core at admission/rejection      | | `pivot_chain_hash`   | BLAKE3 hex     | Hash of previous receipt in the chain           |
C00273,PROOF_REQUIRED,Hashing claim,docs/BIZRA_Technical_White_Paper_v1.md,,production; currently produced on-demand). It contains:  - BLAKE3 hash of all receipts produced in the period - Total Ihsan s
C00274,PROOF_REQUIRED,Hashing claim,docs/BIZRA_Technical_White_Paper_v1.md,,ion or non-admission."  ### 7.2 Cryptographic Primitives  **BLAKE3 Canonical Hasher (349 LOC; 11 domains):** BLAKE3 is used as
C00275,PROOF_REQUIRED,Hashing claim,docs/BIZRA_Technical_White_Paper_v1.md,,mitives  **BLAKE3 Canonical Hasher (349 LOC; 11 domains):** BLAKE3 is used as the canonical hash function across 11 distinct d
C00276,PROOF_REQUIRED,Hashing claim,docs/BIZRA_Technical_White_Paper_v1.md,,ity; Mission-State serialization; and others. The choice of BLAKE3 over SHA-256 or SHA-3 reflects its parallel construction (s
C00277,PROOF_REQUIRED,Hashing claim,docs/BIZRA_Technical_White_Paper_v1.md,,frozen objects; 2;111 LOC; v0.89.1                      | | BLAKE3 Canonical Hasher          | VERIFIED  | 349 LOC; 11 domains
C00278,PROOF_REQUIRED,Hashing claim,docs/BIZRA_Technical_White_Paper_v1.md,,CycleReceipt chain               | VERIFIED  | 7+ receipts; BLAKE3-chained; Ed25519-signed               | | Daily Manifest
C00279,PROOF_REQUIRED,Hashing claim,docs/BIZRA_Technical_White_Paper_v1.md,,wired; L0 reflex registry sparse            | | L0 Reflex (BLAKE3 hash; O(1))    | WIRED     | Infrastructure present; reflex
C00280,PROOF_REQUIRED,Hashing claim,docs/BIZRA_Technical_White_Paper_v1.md,,| 7+    | Ed25519 verified | | Daily manifests    | 2     | BLAKE3 hash confirmed | | Benchmark campaigns| 3     | Performance
C00281,PROOF_REQUIRED,Hashing claim,docs/BIZRA_Technical_White_Paper_v1.md,,eval speedup | L0–L3 cognitive cascade; L0 Reflex uses O(1) BLAKE3 hash below 1 ms | Academic preprint | | Zhou et al.; "Forma
C00282,PROOF_REQUIRED,Hashing claim,docs/BIZRA_Technical_White_Paper_v1.md,,ntly frozen members. The receipt chain is producing signed; BLAKE3-chained evidence. The 25 Rust crates; 72 Python subpackages
C00283,PROOF_REQUIRED,Formal-verification claim,docs/BIZRA_Technical_White_Paper_v1.md,,n). Every agent action passes through a FATE Gate backed by Z3 SMT formal verification before any state mutation is admitt
C00284,PROOF_REQUIRED,Formal-verification claim,docs/BIZRA_Technical_White_Paper_v1.md,,ore ≥ 0.95 required to proceed  6    SSO / FATE Check       Z3 SMT verification of constitutional predicates  7    Receipt
C00285,PROOF_REQUIRED,Formal-verification claim,docs/BIZRA_Technical_White_Paper_v1.md,,e FATE Gate.  The gate operates in two phases:  **Phase 1 — Z3 SMT Verification:** The proposal is represented as a formal
C00286,PROOF_REQUIRED,Formal-verification claim,docs/BIZRA_Technical_White_Paper_v1.md,,l is represented as a formal predicate and submitted to the Z3 Satisfiability Modulo Theories solver. Constitutional predi
C00287,PROOF_REQUIRED,Formal-verification claim,docs/BIZRA_Technical_White_Paper_v1.md,,mprovement over LLM-as-Judge baselines using neuro-symbolic Z3 oversight. BIZRA extends that principle by making Z3 verifi
C00288,PROOF_REQUIRED,Formal-verification claim,docs/BIZRA_Technical_White_Paper_v1.md,,mbolic Z3 oversight. BIZRA extends that principle by making Z3 verification mandatory rather than optional; and by couplin
C00289,PROOF_REQUIRED,Formal-verification claim,docs/BIZRA_Technical_White_Paper_v1.md,,eipts on Node0                               | | FATE Gate (Z3 SMT)               | VERIFIED  | Z3 solver integrated; reje
C00290,PROOF_REQUIRED,Formal-verification claim,docs/BIZRA_Technical_White_Paper_v1.md,,| | FATE Gate (Z3 SMT)               | VERIFIED  | Z3 solver integrated; rejection receipts emitted          | |
C00291,PROOF_REQUIRED,Formal-verification claim,docs/BIZRA_Technical_White_Paper_v1.md,,ot an invention. The individual mechanisms — tiered memory; Z3 SMT verification; cryptographic seal chains; constitutional
C00292,PROOF_REQUIRED,Formal-verification claim,docs/BIZRA_Technical_White_Paper_v1.md,,ademic preprint | | Zhou et al.; "FormalJudge" (Feb 2026) | Z3 SMT neuro-symbolic oversight improves over LLM-as-Judge by
C00293,PROOF_REQUIRED,Formal-verification claim,docs/BIZRA_Technical_White_Paper_v1.md,,oversight improves over LLM-as-Judge by 16.6% | FATE Gate: Z3 SMT mandatory before any consequential state mutation | arX
C00294,PROOF_REQUIRED,Formal-verification claim,docs/BIZRA_Technical_White_Paper_v1.md,,itutional invariants are compiled. The FATE Gate is running Z3 SMT verification. The 12-agent parliament holds two permane
C00295,PROOF_REQUIRED,Formal-verification claim,docs/BIZRA_Technical_White_Paper_v1.md,,lJudge. Key result: 16.6% improvement over LLM-as-Judge via Z3 SMT formal verification. BIZRA implementation: FATE Gate ma
C00296,PROOF_REQUIRED,Formal-verification claim,docs/BIZRA_Technical_White_Paper_v1.md,,mal verification. BIZRA implementation: FATE Gate mandatory Z3 verification.  3. **Krishnamoorthy; A.** "Meta-Sealing: Cry
C00297,PROOF_REQUIRED,Post-quantum claim,docs/BIZRA_Technical_White_Paper_v1.md,,; no signing key is transmitted to any external service.  **Post-Quantum Readiness:** The Cargo.toml includes `pqcrypto-mldsa` as a
C00298,PROOF_REQUIRED,Post-quantum claim,docs/BIZRA_Technical_White_Paper_v1.md,,Lattice Digital Signature Algorithm; NIST FIPS 204) is the post-quantum signature scheme. BIZRA is not yet using ML-DSA in producti
C00299,PROOF_REQUIRED,Post-quantum claim,docs/BIZRA_Technical_White_Paper_v1.md,,Ambassador; Phase 3 target                             | | Post-Quantum (ML-DSA)            | PLANNED   | pqcrypto-mldsa in Cargo.t
C00300,PROOF_REQUIRED,Local-only / no-cloud claim,docs/STRATEGIC_RISKS_v1.0.md,,`hashlib.sha256` calls in `core/` — classify as PCI-path or local-only | 2h | PAT-RSC | | 2 | Migrate PCI-adjacent paths (`epigeno
C00301,PROOF_REQUIRED,Hashing claim,docs/STRATEGIC_RISKS_v1.0.md,,les (`epigenome.py`; `evidence_ledger.py`); while Rust uses BLAKE3 exclusively. The PCI protocol itself is aligned (both use B
C00302,PROOF_REQUIRED,Hashing claim,docs/STRATEGIC_RISKS_v1.0.md,,3 exclusively. The PCI protocol itself is aligned (both use BLAKE3 with `bizra-pci-v1:` domain separation); but **non-PCI path
C00303,PROOF_REQUIRED,Hashing claim,docs/STRATEGIC_RISKS_v1.0.md,,f with SHA-256 and Node B (Rust) attempts verification with BLAKE3; verification fails silently.  ### Affected Components  | M
C00304,PROOF_REQUIRED,Hashing claim,docs/STRATEGIC_RISKS_v1.0.md,,-----------|----------| | `core/pci/crypto.py` (PCI path) | BLAKE3 | BLAKE3 | | `core/pci/epigenome.py` (adaptation) | SHA-256
C00305,PROOF_REQUIRED,Hashing claim,docs/STRATEGIC_RISKS_v1.0.md,,--|----------| | `core/pci/crypto.py` (PCI path) | BLAKE3 | BLAKE3 | | `core/pci/epigenome.py` (adaptation) | SHA-256 | BLAKE3
C00306,PROOF_REQUIRED,Hashing claim,docs/STRATEGIC_RISKS_v1.0.md,,BLAKE3 | | `core/pci/epigenome.py` (adaptation) | SHA-256 | BLAKE3 | | `core/proof_engine/evidence_ledger.py` | SHA-256 | BLAK
C00307,PROOF_REQUIRED,Hashing claim,docs/STRATEGIC_RISKS_v1.0.md,,AKE3 | | `core/proof_engine/evidence_ledger.py` | SHA-256 | BLAKE3 | | `core/auth/user_store.py` (passwords) | PBKDF2-SHA256 |
C00308,PROOF_REQUIRED,Hashing claim,docs/STRATEGIC_RISKS_v1.0.md,,for passwords) | | `bizra-omega/bizra-core/` (all paths) | BLAKE3 | BLAKE3 |  ### Remediation Plan  | Step | Action | Effort
C00309,PROOF_REQUIRED,Hashing claim,docs/STRATEGIC_RISKS_v1.0.md,,words) | | `bizra-omega/bizra-core/` (all paths) | BLAKE3 | BLAKE3 |  ### Remediation Plan  | Step | Action | Effort | Owner |
C00310,PROOF_REQUIRED,Hashing claim,docs/STRATEGIC_RISKS_v1.0.md,,CI-adjacent paths (`epigenome.py`; `evidence_ledger.py`) to BLAKE3 | 4h | Engineering | | 3 | Create cross-language interop te
C00311,PROOF_REQUIRED,Hashing claim,docs/STRATEGIC_RISKS_v1.0.md,,| Document which contexts use SHA-256 (password hashing) vs BLAKE3 (everything else) | 1h | PAT-SYN | | 5 | Add CI gate: any n
C00312,NEEDS_REWRITE,Exact SNR number,docs/BIZRA_CANONICAL_BLUEPRINT.md,,SSOT)   Ihsan: 0.95 production; 0.99 strict; 1.0 runtime   SNR:   0.85 minimum; 0.95 T1; 0.98 T0/elite   Gini:  <= 0.35 operationa
C00313,PROOF_REQUIRED,Formal-verification claim,docs/BIZRA_CANONICAL_BLUEPRINT.md,,|            |          |                    hash_chain    Z3/fallback  Gini gate                                      |
C00314,PROOF_REQUIRED,Formal-verification claim,docs/BIZRA_CANONICAL_BLUEPRINT.md,,(default-deny; stricter than Z3) ```  ### Cross-Language Bridge  ``` Python (core/)  <──PyO
C00315,PROOF_REQUIRED,Formal-verification claim,docs/BIZRA_CANONICAL_BLUEPRINT.md,,_ZERO)   IHSAN_FLOOR      — Excellence is minimum (0.99 for Z3-proven)  Layer 1: Constitutional Thresholds (constants.py S
C00316,PROOF_REQUIRED,Formal-verification claim,docs/BIZRA_CANONICAL_BLUEPRINT.md,,ath (NOT protocol tax)  Layer 3: Gate Chain (fail-closed)   Z3 FATE → conservative_fallback → reject   5 Alpha gates (weig
C00317,PROOF_REQUIRED,Formal-verification claim,docs/BIZRA_CANONICAL_BLUEPRINT.md,,AP placeholder; dead links; packaging dep; Rust version | | Z3 cascade | 1 | ImportError not caught → 13 test failures | |
C00318,NEEDS_REWRITE,Production-readiness implication,docs/why-dema-wins.md,,a-cognition-gateway` — Axum HTTP projection; 7 tests green; live-curled end-to-end - `dema` CLI binary — 7-command operator
C00319,PROOF_REQUIRED,Hashing claim,docs/why-dema-wins.md,,ptional | | Logs | **Cryptographic chain of every action** (BLAKE3; domain-separated; replayable) |  No shipping system combin
C00320,NEEDS_REWRITE,Exact SNR number,docs/QUALITY_MANAGEMENT_GUIDE.md,,ter CI run python -m core.devops.quality_trend record \   --snr 0.92 --coverage 42 --mypy-errors 1580 \   --tests-total 200 --te
C00321,PROOF_REQUIRED,Cryptography claim,docs/RUST_INTEGRATION.md,,0x performance improvement for: - Cryptographic operations (Ed25519 signing; BLAKE3 hashing) - Constitutional gate validation -
C00322,PROOF_REQUIRED,Cryptography claim,docs/RUST_INTEGRATION.md,,er) digest = rust.pyo3_domain_digest(b"message content")  # Ed25519 signing (50x faster) signature; public_key = rust.pyo3_sign
C00323,PROOF_REQUIRED,Cryptography claim,docs/RUST_INTEGRATION.md,,Rust | Speedup | |-----------|--------|------|---------| | Ed25519 sign | 570/sec | 57K/sec | 100x | | Ed25519 verify | 280/se
C00324,PROOF_REQUIRED,Cryptography claim,docs/RUST_INTEGRATION.md,,--|---------| | Ed25519 sign | 570/sec | 57K/sec | 100x | | Ed25519 verify | 280/sec | 28K/sec | 100x | | BLAKE3 hash | 290K/se
C00325,PROOF_REQUIRED,Cryptography claim,docs/RUST_INTEGRATION.md,,enchmarks └── Cargo.toml                  # Workspace root (ed25519-dalek; tokio; blake3) ```  ## Troubleshooting  ### PyO3 Imp
C00326,PROOF_REQUIRED,Cryptography claim,docs/RUST_INTEGRATION.md,,gn/test_rust_lifecycle.py -v ```  ---  *Standing on Giants: Ed25519 (Bernstein); BLAKE3 (O'Connor); Axum (Tokio Team)*
C00327,PROOF_REQUIRED,Hashing claim,docs/RUST_INTEGRATION.md,,provement for: - Cryptographic operations (Ed25519 signing; BLAKE3 hashing) - Constitutional gate validation - PCI envelope cr
C00328,PROOF_REQUIRED,Hashing claim,docs/RUST_INTEGRATION.md,,ec | 100x | | Ed25519 verify | 280/sec | 28K/sec | 100x | | BLAKE3 hash | 290K/sec | 5.8M/sec | 20x | | PCI envelope | 940/sec
C00329,PROOF_REQUIRED,Hashing claim,docs/RUST_INTEGRATION.md,,ml                  # Workspace root (ed25519-dalek; tokio; blake3) ```  ## Troubleshooting  ### PyO3 Import Fails  ```bash #
C00330,PROOF_REQUIRED,Hashing claim,docs/RUST_INTEGRATION.md,,e.py -v ```  ---  *Standing on Giants: Ed25519 (Bernstein); BLAKE3 (O'Connor); Axum (Tokio Team)*
C00331,PROOF_REQUIRED,Relative-performance claim,docs/RUST_INTEGRATION.md,,lid = rust.pyo3_check_snr(0.90)  # Domain-separated digest (20x faster) digest = rust.pyo3_domain_digest(b"message content")  # Ed
C00332,PROOF_REQUIRED,Relative-performance claim,docs/RUST_INTEGRATION.md,,.pyo3_domain_digest(b"message content")  # Ed25519 signing (50x faster) signature; public_key = rust.pyo3_sign(b"message") ```  ##
C00333,NEEDS_REWRITE,Production-readiness implication,docs/BIZRA-activation-board-v1.md,,cal format.** Read the authoritative writer; verify against live data; then port. 4. **Narrow-real scope.** Each arc closes
C00334,NEEDS_REWRITE,Production-readiness implication,docs/BIZRA-activation-board-v1.md,,**Current state (post-Cycle-6):** G1 durable-read COMPLETE (live-verified); submit_mission PROVEN; rehydrate_mission PROVEN;
C00335,NEEDS_REWRITE,Production-readiness implication,docs/BIZRA-activation-board-v1.md,,success on bad input) - [ ] Every new chain operation has a live-fixture byte-parity test if it interacts with `sovereign_st
C00336,NEEDS_REWRITE,Production-readiness implication,docs/BIZRA-activation-board-v1.md,,rent state (post-Cycle-6):** Restart-survival exercised (G1 live curl). Rollback runbook exists. Release binary builds clean
C00337,NEEDS_REWRITE,Production-readiness implication,docs/BIZRA-activation-board-v1.md,,end/` retained as historical. Cycle-5 G3b shipped the first live principal-activation flow; receipt `62a35dcd…` sealed throu
C00338,NEEDS_REWRITE,Production-readiness implication,docs/BIZRA-activation-board-v1.md,,led through external proxy. `dema` CLI ships 7 subcommands; live-walk verified.  **Acceptance signals for future commits in
C00339,PROHIBITED,Unsubstantiated certification,docs/ENTERPRISE_IMPLEMENTATION_BLUEPRINT.md,,ry | defined process; QA; CM; measurement; risk control | | SOC 2 Type II | target | access control; monitoring; change manag
C00340,NEEDS_REWRITE,Production-readiness implication,docs/ENTERPRISE_IMPLEMENTATION_BLUEPRINT.md,,lic; authenticated; and administrative APIs. 3. Introduce a production-ready control plane for identity; secrets; observability; change
C00341,NEEDS_REWRITE,Production-readiness implication,docs/ENTERPRISE_IMPLEMENTATION_BLUEPRINT.md,,internal alpha -> controlled pilot -> production canary -> GA - architecture strategy: Python remains the edge/orchestrat
C00342,NEEDS_REWRITE,Production-readiness implication,docs/ENTERPRISE_IMPLEMENTATION_BLUEPRINT.md,,ke; performance sanity; operational checks | | Production | live traffic | canary + SLO-based promotion |  ### 6.3 Deploymen
C00343,NEEDS_REWRITE,Production-readiness implication,docs/ENTERPRISE_IMPLEMENTATION_BLUEPRINT.md,,d - change failure and incident metrics within targets - go-live sign-off completed  ## 8. Success Metrics  | Metric | Targe
C00344,PROOF_REQUIRED,Cryptography claim,docs/ENTERPRISE_IMPLEMENTATION_BLUEPRINT.md,,---|---| | Authentication | OIDC/SAML for enterprise users; Ed25519 for node identity; API keys only for scoped machine access
C00345,PROHIBITED,AGI claim,docs/KERNEL.md,,Kernel  **Mission:** BIZRA is a decentralized developmental AGI operating system that turns every human into a sovereign no
C00346,PROOF_REQUIRED,Ihsan-threshold claim,docs/KERNEL.md,,-|-------------|--------| | I-1 | Excellence or rejection | Ihsan >= 0.95 | `UNIFIED_IHSAN_THRESHOLD`; fail-closed gate | `core/integ
C00347,PROOF_REQUIRED,Ihsan-threshold claim,docs/KERNEL.md,,ypair | | Node | 0.10 - 0.20 | First mission completed with Ihsan >= 0.85 | | Apprentice | 0.20 - 0.35 | 10+ qualified episodes; 50%+
C00348,PROOF_REQUIRED,Cryptography claim,docs/KERNEL.md,,y:243` | | I-4 | Sovereignty absolute | Keys = LOCAL_ONLY | Ed25519 generated on-device; never transmitted | `core/sovereign/ge
C00349,PROOF_REQUIRED,Cryptography claim,docs/KERNEL.md,,1 | Sovereign Node | `core/sovereign/genesis_identity.py` — Ed25519; HD agent keys | 332 | | L2 | Agentic Development | `core/s
C00350,PROOF_REQUIRED,Cryptography claim,docs/KERNEL.md,,-----------| | Seed | 0.00 - 0.10 | Install Node0; generate Ed25519 keypair | | Node | 0.10 - 0.20 | First mission completed wi
C00351,PROOF_REQUIRED,Cryptography claim,docs/EVIDENCE_PACK_A_PLUS.md,,alidation   crypto.py            # Timing-safe comparisons; Ed25519  core/inference/   gateway.py           # BatchingInference
C00352,PROOF_REQUIRED,Formal-verification claim,docs/SPEARPOINT.md,,─ sovereign_spearpoint.py     # Foundation: SNR/Ihsan calc; Z3 verification ├── config.py                   # SpearpointCo
C00353,PROHIBITED,AGI claim,docs/BIZRA_IDENTITY_CANON.md,,namic Self-Harnessing; Self-RLVR; Distributed Decentralized AGI Operating System**  Every word is a technical specification
C00354,PROHIBITED,AGI claim,docs/BIZRA_IDENTITY_CANON.md,,ride | `constants.py:602` — `SAT_AGENTS_PER_NODE = 5` | | **AGI** | 7-agent PAT ensemble; 47-state HHMM; Graph-of-Thoughts;
C00355,PROOF_REQUIRED,Ihsan-threshold claim,docs/BIZRA_IDENTITY_CANON.md,,| Ed25519 keypair creation | | Node | 0.10 | First mission; Ihsan >= 0.85 | | Apprentice | 0.20 | 10+ episodes; 50%+ qualified | | Bu
C00356,PROOF_REQUIRED,Cryptography claim,docs/BIZRA_IDENTITY_CANON.md,,| Sovereign execution | Runs locally; no cloud dependency; Ed25519 identity | Others require accounts on their servers |  ---
C00357,PROOF_REQUIRED,Cryptography claim,docs/BIZRA_IDENTITY_CANON.md,,/proof_engine/genesis_ceremony.py` — canonical genesis with Ed25519 keypair  PAT-7: Atlas (Planner); Oracle (Researcher); Forge
C00358,PROOF_REQUIRED,Cryptography claim,docs/BIZRA_IDENTITY_CANON.md,,de | | Auditable | No (weights opaque) | Yes (hash-chained; Ed25519 signed) | | Gameable | Yes (reward hacking) | No (constitut
C00359,PROOF_REQUIRED,Cryptography claim,docs/BIZRA_IDENTITY_CANON.md,,Score | Unlock | |-------|-------|--------| | Seed | 0.00 | Ed25519 keypair creation | | Node | 0.10 | First mission; Ihsan >=
C00360,PROOF_REQUIRED,Cryptography claim,docs/BIZRA_IDENTITY_CANON.md,,-> ActionReceipt produced (Ihsan-scored; hash-chained; Ed25519-signed)       -> process_tick() evaluates receipt         -
C00361,PROOF_REQUIRED,Cryptography claim,docs/BIZRA_IDENTITY_CANON.md,,oetry. This is architecture:  - **Every human is a node** — Ed25519 identity (`genesis_ceremony.py:161`); 12 agents (`constants
C00362,PROOF_REQUIRED,Local-only / no-cloud claim,docs/BIZRA_IDENTITY_CANON.md,,| Others silo users | | Sovereign execution | Runs locally; no cloud dependency; Ed25519 identity | Others require accounts on their server
C00363,BRAND_SAFE,Movement line,docs/BIZRA_IDENTITY_CANON.md,,graph)  BIZRA is a sovereign mission operating system where every human is a node; every node is a seed; and verified work continuously turns
C00364,BRAND_SAFE,Movement line,docs/BIZRA_IDENTITY_CANON.md,,reign mission operating system where every human is a node; every node is a seed; and verified work continuously turns into memory; reflex;
C00365,BRAND_SAFE,Movement line,docs/BIZRA_IDENTITY_CANON.md,,ery step is constitutional.  ### The Complete Sentence  > **Every human is a node. Every node is a seed. Every seed has infinite potential.**
C00366,BRAND_SAFE,Movement line,docs/BIZRA_IDENTITY_CANON.md,,nal.  ### The Complete Sentence  > **Every human is a node. Every node is a seed. Every seed has infinite potential.**  This is not poetry.
C00367,BRAND_SAFE,Movement line,docs/BIZRA_IDENTITY_CANON.md,,otential.**  This is not poetry. This is architecture:  - **Every human is a node** — Ed25519 identity (`genesis_ceremony.py:161`); 12 agents
C00368,BRAND_SAFE,Movement line,docs/BIZRA_IDENTITY_CANON.md,,state directory; local memory stores; local execution.  - **Every node is a seed** — SAT agents join the universal pool. Compiled reflexes p
C00369,PROOF_REQUIRED,Cryptography claim,docs/GENESIS_STATE.md,,tate(         node_id="NODE0-GENESIS";         public_key="<ed25519-public-hex>";         identity_card={...};         pat_agen
C00370,PROOF_REQUIRED,Cryptography claim,docs/GENESIS_STATE.md,,covery Phrase  24-word BIP39-compatible phrase derived from Ed25519 private key entropy:  ```python # Generate from private key
C00371,PROOF_REQUIRED,Cryptography claim,docs/GENESIS_STATE.md,,| `str` | Unique node identifier | | `public_key` | `str` | Ed25519 public key (hex) | | `identity_card` | `dict` | Signed iden
C00372,PROOF_REQUIRED,Cryptography claim,docs/GENESIS_STATE.md,,256-word BIP39 subset provides 192 bits of entropy (exceeds Ed25519's 128-bit security level)
C00373,PROOF_REQUIRED,Hashing claim,docs/GENESIS_STATE.md,,se_to_private_key(words) -> str` | Recover key from phrase (BLAKE3 KDF expansion) | | `entropy_to_phrase(bytes; count) -> List
C00374,PROHIBITED,AGI claim,docs/BIZRA_STRATEGY_DECK_2026.md,,---  # 🌱 BIZRA STRATEGY DECK ## **Distributed Decentralized AGI Operating System**  **بِسْمِ اللَّهِ الرَّحْمَٰنِ الرَّحِيم
C00375,PROHIBITED,AGI claim,docs/BIZRA_STRATEGY_DECK_2026.md,,or "seed") is the world's first **Distributed Decentralized AGI Operating System** that:  | Problem | BIZRA Solution | Veri
C00376,PROHIBITED,AGI claim,docs/BIZRA_STRATEGY_DECK_2026.md,,slamic finance institutions | $28B | Only Shariah-compliant AGI OS | | Sovereign nations (data laws) | $35B | Full GDPR/sov
C00377,PROHIBITED,AGI claim,docs/BIZRA_STRATEGY_DECK_2026.md,,--  # THE SHARIAH ADVANTAGE  ## 2B+ Muslims. Zero Compliant AGI Platforms.  ### Market Reality  | Statistic | Value | |----
C00378,PROHIBITED,AGI claim,docs/BIZRA_STRATEGY_DECK_2026.md,,GUMENT  ## Why BIZRA Will Win  1. **First Mover in Verified AGI**: No competitor has kernel-level ethical constraints 2. **
C00379,PROHIBITED,Cryptographic-finality claim,docs/BIZRA_STRATEGY_DECK_2026.md,,--  # THE THREE KERNEL INVARIANTS  ## Hardcoded. Immutable. Unbreakable.  ```python # ⛔ THESE CANNOT BE OVERRIDDEN BY ANY AI; ANY I
C00380,NEEDS_REWRITE,Production-readiness implication,docs/BIZRA_STRATEGY_DECK_2026.md,,0 nodes - 📋 10 enterprise customers - 📋 Compute marketplace live - 📋 First federated network  ## Phase 4: Forest (2028-2030)
C00381,NEEDS_REWRITE,Production-readiness implication,docs/BIZRA_STRATEGY_DECK_2026.md,,tact:** [REDACTED FOR STRATEGY DECK]  **What We Offer:** 1. Live technical demonstration (NODE0) 2. Constitution walkthrough
C00382,NEEDS_REWRITE,Explicit cost figure,docs/BIZRA_STRATEGY_DECK_2026.md,,d** | Free | 1 | Community | Full DDAGI OS | | **Sprout** | $99/mo | 10 | Email | + Priority updates | | **Tree** | $999/mo
C00383,NEEDS_REWRITE,Explicit cost figure,docs/BIZRA_STRATEGY_DECK_2026.md,,* | $99/mo | 10 | Email | + Priority updates | | **Tree** | $999/mo | 100 | 24/7 | + Custom models | | **Forest** | Custom |
C00384,NEEDS_REWRITE,Explicit cost figure,docs/BIZRA_STRATEGY_DECK_2026.md,,---------|-----------|-----------| | GPU Hours (RTX 4090) | $2.50/hr | 5% | | Storage (TB/mo) | $5/TB | 5% | | Bandwidth (TB)
C00385,NEEDS_REWRITE,Explicit cost figure,docs/BIZRA_STRATEGY_DECK_2026.md,,GPU Hours (RTX 4090) | $2.50/hr | 5% | | Storage (TB/mo) | $5/TB | 5% | | Bandwidth (TB) | $0.05/GB | 5% | | Model Inferen
C00386,NEEDS_REWRITE,Explicit cost figure,docs/BIZRA_STRATEGY_DECK_2026.md,,| 5% | | Storage (TB/mo) | $5/TB | 5% | | Bandwidth (TB) | $0.05/GB | 5% | | Model Inference (1M tokens) | $0.50 | 5% |  ---
C00387,PROOF_REQUIRED,Formal-verification claim,docs/BIZRA_STRATEGY_DECK_2026.md,,| 3 | Third Fact Protocol | Mind → Soul → Body → Witness | Z3 + PQC | | 4 | Economic Sovereignty v2 | URP + Harberger + T
C00388,BRAND_SAFE,Movement line,docs/BIZRA_STRATEGY_DECK_2026.md,,Article I | | Centralized control | **8B nodes possible** — every human is a node | NODE0 Genesis Covenant | | No ethical gate | **Ihsān thre
C00389,BRAND_SAFE,Movement line,docs/BIZRA_STRATEGY_DECK_2026.md,,le by design | Kernel Invariant #1 |  ---  # THE VISION  ## Every Human is a Node. Every Node is a Seed. Every Seed has Infinite Potential.
C00390,BRAND_SAFE,Movement line,docs/BIZRA_STRATEGY_DECK_2026.md,,nvariant #1 |  ---  # THE VISION  ## Every Human is a Node. Every Node is a Seed. Every Seed has Infinite Potential.  ```
C00391,PROOF_REQUIRED,Cryptography claim,docs/CVE-REMEDIATION-PLAN.md,,#### Remediation Steps 1. [ ] Create `.hooks.sig` file with Ed25519 signatures 2. [ ] Verify signatures before hook execution 3
C00392,PROOF_REQUIRED,Cryptography claim,docs/CVE-REMEDIATION-PLAN.md,,core/federation/node.py` **Status:** OPEN  #### Description Ed25519 keypairs are generated once at node initialization with no
C00393,PROOF_REQUIRED,Ihsan-threshold claim,docs/DESKTOP_BRIDGE.md,,Gate Execution Order (Actuator)  1. **Python FATE Gate** — Ihsan >= 0.95 constitutional check 2. **Shannon Entropy Gate** — H(X) >=
C00394,PROOF_REQUIRED,Ihsan-threshold claim,docs/DESKTOP_BRIDGE.md,,bility; Transparency; Ethics) → **Rust GateChain** (Schema; Ihsan >=0.95; SNR >=0.85) → **InferenceGateway** → **BLAKE3 Hash**. Ever
C00395,PROOF_REQUIRED,Hashing claim,docs/DESKTOP_BRIDGE.md,,ptEngine      │                                       │  └─ BLAKE3 content hashing   │                                       └
C00396,PROOF_REQUIRED,Hashing claim,docs/DESKTOP_BRIDGE.md,,ferenceGateway** — LM Studio / Ollama / Cloud fallback 4. **BLAKE3 Hash** — `content_hash` field via Rust `domain_separated_di
C00397,PROOF_REQUIRED,Hashing claim,docs/DESKTOP_BRIDGE.md,,"hash_validated": true     };     "origin_digest": "<blake3-hex>";     "fate_score": 0.97;     "snr_score": 0.95;     "
C00398,PROOF_REQUIRED,Hashing claim,docs/DESKTOP_BRIDGE.md,,"structure": "Serialized UIA tree snapshot";       "hash": "BLAKE3 hash of structure"     }   };   "id": 1 } ```  ---  ## Arch
C00399,PROOF_REQUIRED,Hashing claim,docs/DESKTOP_BRIDGE.md,,chema; Ihsan >=0.95; SNR >=0.85) → **InferenceGateway** → **BLAKE3 Hash**. Every `invoke_skill` flows through: **FATE Gate** →
C00400,PROOF_REQUIRED,Hashing claim,docs/DESKTOP_BRIDGE.md,,n` (thresholds in `status`); and `domain_separated_digest` (BLAKE3 hashing). If Rust is not compiled; all Rust features degrad
C00401,PROHIBITED,Unsubstantiated certification,docs/QUALITY_ASSURANCE_STRATEGY.md,,n - quarterly penetration test - annual external review for SOC 2 scope  ## 8. Compliance Verification  Evidence required:  -
C00402,PROOF_REQUIRED,Cryptography claim,docs/ORGANISM_STATE_v0.88.1.md,,[VERIFIED] Layer 0: EVIDENCE            — BLAKE3 chains; Ed25519; JSONL       [VERIFIED] ```  ---  ## 2. Verified Maturity M
C00403,PROOF_REQUIRED,Cryptography claim,docs/ORGANISM_STATE_v0.88.1.md,,n | | Sovereign identity | **VERIFIED** | 12 agents minted (Ed25519); system prompt active | | SEED economics | **VERIFIED** |
C00404,PROOF_REQUIRED,Hashing claim,docs/ORGANISM_STATE_v0.88.1.md,,nowledge grows    [VERIFIED] Layer 0: EVIDENCE            — BLAKE3 chains; Ed25519; JSONL       [VERIFIED] ```  ---  ## 2. Ver
C00405,PROOF_REQUIRED,Hashing claim,docs/ORGANISM_STATE_v0.88.1.md,,| | Receipt chain threading | **VERIFIED** | Cross-session BLAKE3 linking; chain_head persisted | | Home Base awareness | **V
C00406,PROOF_REQUIRED,Hashing claim,docs/ORGANISM_STATE_v0.88.1.md,,publisher 96% coverage | | Invite system | **VERIFIED** | 5 BLAKE3-derived codes; single-use; 30-day TTL | | Security audit |
C00407,PROOF_REQUIRED,Formal-verification claim,docs/ORGANISM_STATE_v0.88.1.md,,stitutional membrane | **VERIFIED** | Minted; persistent; 4 Z3-verified properties; 27 tests | | Z3 formal proofs | **VERI
C00408,PROOF_REQUIRED,Formal-verification claim,docs/ORGANISM_STATE_v0.88.1.md,,Minted; persistent; 4 Z3-verified properties; 27 tests | | Z3 formal proofs | **VERIFIED** | All 4 membrane properties UN
C00409,PROOF_REQUIRED,Formal-verification claim,docs/ORGANISM_STATE_v0.88.1.md,,2. Run 117 PCI tests pytest tests/core/pci/ -q  # 3. Run 18 Z3 membrane proofs pytest tests/core/proofs/test_membrane_prop
C00410,PROOF_REQUIRED,Formal-verification claim,docs/MONEYSHOT_POSITIONING.md,,verification; Audit trail; Transparency; Ethics) backed by Z3 theorem proving and Dilithium post-quantum signatures. The
C00411,PROOF_REQUIRED,Formal-verification claim,docs/MONEYSHOT_POSITIONING.md,,local; fallback; cloud emergency) | | Formal Verification | Z3 solver + Dilithium signatures | | Coverage Target | 95% (ra
C00412,PROOF_REQUIRED,Formal-verification claim,docs/MONEYSHOT_POSITIONING.md,,ATE + Ihsan + Telescript) | | Verification | None | Formal (Z3 theorem proving) | | Token Economics | None | Triple-token
C00413,PROOF_REQUIRED,Post-quantum claim,docs/MONEYSHOT_POSITIONING.md,,ail; Transparency; Ethics) backed by Z3 theorem proving and Dilithium post-quantum signatures. The Evidence Ledger records every
C00414,PROOF_REQUIRED,Post-quantum claim,docs/MONEYSHOT_POSITIONING.md,,parency; Ethics) backed by Z3 theorem proving and Dilithium post-quantum signatures. The Evidence Ledger records every decision; eve
C00415,PROOF_REQUIRED,Post-quantum claim,docs/MONEYSHOT_POSITIONING.md,,ack; cloud emergency) | | Formal Verification | Z3 solver + Dilithium signatures | | Coverage Target | 95% (ratcheting from 60%)
C00416,PROOF_REQUIRED,Post-quantum claim,docs/MONEYSHOT_POSITIONING.md,,t | | Offline Operation | No | Yes (LM Studio / Ollama) | | Post-Quantum Security | No | Yes (Dilithium signatures) | | Agent Accoun
C00417,PROOF_REQUIRED,Post-quantum claim,docs/MONEYSHOT_POSITIONING.md,,(LM Studio / Ollama) | | Post-Quantum Security | No | Yes (Dilithium signatures) | | Agent Accountability | No | Per-agent Ihsan
C00418,PROHIBITED,AGI claim,docs/DDAGI_CONSTITUTION_v1.1.0-FINAL.md,,║ # ║            Distributed Decentralized AGI Operating System (DDAGI OS)         ║ # ╠══════════════════
C00419,PROHIBITED,AGI claim,docs/DDAGI_CONSTITUTION_v1.1.0-FINAL.md,,is an operating system for human sovereignty in the age of AGI;   enforced by consent; verified by evidence; and governed
C00420,PROHIBITED,AGI claim,docs/DDAGI_CONSTITUTION_v1.1.0-FINAL.md,,perations within the BIZRA ecosystem.  **RECOGNIZING** that artificial general intelligence is not a distant dream but an emergent reality requiring ca
C00421,PROHIBITED,AGI claim,docs/DDAGI_CONSTITUTION_v1.1.0-FINAL.md,,hing;  **REJECTING** both reckless acceleration that treats AGI as extraction tool and fearful deceleration that treats AGI
C00422,PROHIBITED,AGI claim,docs/DDAGI_CONSTITUTION_v1.1.0-FINAL.md,,AGI as extraction tool and fearful deceleration that treats AGI as existential threat;  **EMBRACING** the Third Fact: that
C00423,PROHIBITED,AGI claim,docs/DDAGI_CONSTITUTION_v1.1.0-FINAL.md,,to serving the vision of human flourishing through ethical artificial general intelligence; and to tending this garden with إحسان in all things.  ---
C00424,PROOF_REQUIRED,Cryptography claim,docs/DDAGI_CONSTITUTION_v1.1.0-FINAL.md,,rust) | الأمانة | Cryptographic attestation; audit trails | Ed25519 signatures | | **شورى** (Consultation) | الشورى | Collectiv
C00425,PROOF_REQUIRED,Cryptography claim,docs/DDAGI_CONSTITUTION_v1.1.0-FINAL.md,,Cryptographic attestation     attestation_signature: str  # Ed25519     validator_pubkey: str ```  ## § 5.2 Impact Weight Distr
C00426,PROOF_REQUIRED,Cryptography claim,docs/DDAGI_CONSTITUTION_v1.1.0-FINAL.md,,| Rajab 27; 1447 AH - **Signatures**: Founding validators (Ed25519) - **Ihsān Score**: 99.7%  ## § 10.2 Attestation  > We; the
C00427,PROOF_REQUIRED,Formal-verification claim,docs/DDAGI_CONSTITUTION_v1.1.0-FINAL.md,,name: "Formal Logic"       actor: "The Body proves via Z3"       implementation: "Z3 SMT solver validates logical con
C00428,PROOF_REQUIRED,Formal-verification claim,docs/DDAGI_CONSTITUTION_v1.1.0-FINAL.md,,actor: "The Body proves via Z3"       implementation: "Z3 SMT solver validates logical consistency"       output: "pr
C00429,PROOF_REQUIRED,Post-quantum claim,docs/DDAGI_CONSTITUTION_v1.1.0-FINAL.md,,actor: "The Witness signs via PQC"       implementation: "Post-Quantum Cryptographic signature (Dilithium/Kyber)"       output: "s
C00430,PROOF_REQUIRED,Post-quantum claim,docs/DDAGI_CONSTITUTION_v1.1.0-FINAL.md,,implementation: "Post-Quantum Cryptographic signature (Dilithium/Kyber)"       output: "signed_receipt with merkle_proof"
C00431,PROOF_REQUIRED,Post-quantum claim,docs/DDAGI_CONSTITUTION_v1.1.0-FINAL.md,,mentation: "Post-Quantum Cryptographic signature (Dilithium/Kyber)"       output: "signed_receipt with merkle_proof"      esc
C00432,BRAND_SAFE,Movement line,docs/DDAGI_CONSTITUTION_v1.1.0-FINAL.md,,═════════════════════════════════════════════════════╝ # # "Every Human is a Node. Every Node is a Seed. Every Seed has Infinite Potential."
C00433,BRAND_SAFE,Movement line,docs/DDAGI_CONSTITUTION_v1.1.0-FINAL.md,,══════════════════════════════╝ # # "Every Human is a Node. Every Node is a Seed. Every Seed has Infinite Potential." # # v1.1.0 is a SEALED
C00434,BRAND_SAFE,Movement line,docs/DDAGI_CONSTITUTION_v1.1.0-FINAL.md,,declare a different path: every human is a sovereign node; every node is a seed;   and every seed can grow into a forest of collaborative i
C00435,BRAND_SAFE,Movement line,docs/DDAGI_CONSTITUTION_v1.1.0-FINAL.md,,━━━━━━━━━━━━━━━━━━━━  axioms:   - number: 1     statement: "Every Human is a Node"     elaboration: |       A node is a sovereign entity. The
C00436,BRAND_SAFE,Movement line,docs/DDAGI_CONSTITUTION_v1.1.0-FINAL.md,,boundaries; not algorithms"    - number: 2     statement: "Every Node is a Seed"     elaboration: |       Every node can rebuild core capab
C00437,NEEDS_REWRITE,Production-readiness implication,docs/MASTER_MULTI_LENS_AUDIT_2026-03-03.md,,ocs Drift | OpenAPI/version/route claims do not fully match live service router implementations in artifact pack. |  ---  ##
C00438,NEEDS_REWRITE,Exact SNR number,docs/BIZRA_CONVERGENCE_BLUEPRINT_2026-03-19.md,,print audit returned `weighted_score = 1.0` and `normalized SNR = 0.9926`; with all configured control planes passing. 2. The repo e
C00439,PROOF_REQUIRED,Local-only / no-cloud claim,docs/BIZRA_CONVERGENCE_BLUEPRINT_2026-03-19.md,,- review wallet and agent extensions;    - keep LM Studio local-only;    - require auth where local APIs are enabled. 5. Consoli
C00440,PROOF_REQUIRED,Cryptography claim,docs/ELITE_IMPLEMENTATION_BLUEPRINT.md,,│ │ PCI Protocol    │ Proof-Carrying Inference with Ed25519 signatures          │ │ Storage         │ Data Lake + Vecto
C00441,PROOF_REQUIRED,Local-only / no-cloud claim,docs/ELITE_IMPLEMENTATION_BLUEPRINT.md,,t breaker for anomalous patterns 4. Graceful degradation to local-only mode ```  ---  ## 6. SAPE Framework Integration  ### 6.1 Sy
C00442,NEEDS_REWRITE,Production-readiness implication,docs/claude_flow_memory_map.md,,e.json ```  This gate does not depend on the current repo's live malformed artifacts. It creates a known-good fixture; prove
C00443,NEEDS_REWRITE,Exact SNR number,docs/claude_flow_memory_map.md,,tools/claude_flow_memory_adapter.py export --as-sovereign --snr 0.0 \   --out 04_GOLD/claude_flow_sovereign.jsonl ```  Notes: -
C00444,NEEDS_REWRITE,Production-readiness implication,docs/P0-P1_BATCHING_IMPLEMENTATION.md,,ward compatible:** Original serial mode still available ✓ **Production ready:** Tested; monitored; documented ✓ **Standing on giants:**
C00445,NEEDS_REWRITE,Production-readiness implication,docs/ALPHA_100_ROLLOUT.md,,ipts/moneyshot_demo.py`) functional in both `--mock` and `--live` modes - Evidence Ledger appending correctly with BLAKE3 ha
C00446,NEEDS_REWRITE,Production-readiness implication,docs/ALPHA_100_ROLLOUT.md,,rates; user activity) - Landing page with registration form live  ### Success Metrics  | Metric | Target | |--------|-------
C00447,NEEDS_REWRITE,Production-readiness implication,docs/ALPHA_100_ROLLOUT.md,,sues; account problems | 24 hours | | Weekly Office Hours | Live Q&A; demo sessions | Scheduled (Thursdays; 1 hour) |  ---
C00448,NEEDS_REWRITE,Production-readiness implication,docs/ALPHA_100_ROLLOUT.md,,hing 100 users. It is about finding the 10 users who cannot live without BIZRA; then using their conviction to reach the nex
C00449,PROOF_REQUIRED,Hashing claim,docs/ALPHA_100_ROLLOUT.md,,d `--live` modes - Evidence Ledger appending correctly with BLAKE3 hashes  ### Success Metrics  | Metric | Target | |--------|
C00450,PROOF_REQUIRED,Formal-verification claim,docs/ALPHA_100_ROLLOUT.md,,e operational with threshold >= 0.95 - FATE binding active (Z3 + Dilithium) - MoneyShot demo script (`scripts/moneyshot_de
C00451,PROOF_REQUIRED,Post-quantum claim,docs/ALPHA_100_ROLLOUT.md,,rational with threshold >= 0.95 - FATE binding active (Z3 + Dilithium) - MoneyShot demo script (`scripts/moneyshot_demo.py`) func
C00452,PROOF_REQUIRED,Hashing claim,docs/CLI_REFERENCE.md,,### activate  Full genesis activation pipeline: ceremony (BLAKE3 cryptographic identity) -> orchestrator (12-step bootstrap)
C00453,PROOF_REQUIRED,Hashing claim,docs/CLI_REFERENCE.md,,`--seed-phrase PHRASE` | — | Passphrase to derive seed via BLAKE3 | | `--data-dir DIR` | `sovereign_state/genesis` | Output d
C00454,NEEDS_REWRITE,Production-readiness implication,docs/BIZRA_NODE0_PRODUCTION_SETUP_v1.md,,constitutional thresholds: Rust verified ```  ### 6.7 Run a Live Mission  ```bash cd /mnt/c/BIZRA-DATA-LAKE source .venv/bin
C00455,NEEDS_REWRITE,Production-readiness implication,docs/BIZRA_NODE0_PRODUCTION_SETUP_v1.md,,d).log" ```  ### 7.2 Monitor the Heartbeat  ```bash # Watch live heartbeat log tail -f /mnt/b/BIZRA-SOVEREIGN/heartbeat/hear
C00456,NEEDS_REWRITE,Production-readiness implication,docs/BIZRA_NODE0_PRODUCTION_SETUP_v1.md,,Constitutional thresholds: cross-language sync VERIFIED [ ] Live mission: Ihsān gate PASSED [ ] Heartbeat daemon: started (2
C00457,PROOF_REQUIRED,Cryptography claim,docs/BIZRA_NODE0_PRODUCTION_SETUP_v1.md,,es a BLAKE3 identity hash from your profile 2. Generates an Ed25519 keypair (your node's signing identity) 3. Writes a sealed g
C00458,PROOF_REQUIRED,Cryptography claim,docs/BIZRA_NODE0_PRODUCTION_SETUP_v1.md,,═════════════════════╝ # [✓] BLAKE3 identity computed # [✓] Ed25519 keypair generated # [✓] Genesis seal written # [✓] Constitu
C00459,PROOF_REQUIRED,Cryptography claim,docs/BIZRA_NODE0_PRODUCTION_SETUP_v1.md,,ify trust chain with the CLI bizra trust  # Expected: # [✓] Ed25519 signature: VALID # [✓] BLAKE3 identity: MATCHES # [✓] Genes
C00460,PROOF_REQUIRED,Cryptography claim,docs/BIZRA_NODE0_PRODUCTION_SETUP_v1.md,,tes specifically cargo test -p bizra-protocol    # BLAKE3 + Ed25519 chain cargo test -p bizra-sippar      # Zero-drift Babyloni
C00461,PROOF_REQUIRED,Cryptography claim,docs/BIZRA_NODE0_PRODUCTION_SETUP_v1.md,,gate: PASSED (score ≥ 0.85) # [✓] Mission receipt: SIGNED (Ed25519) # [✓] Mission complete ```  ---  ## Part 7 — Run the 24-Ho
C00462,PROOF_REQUIRED,Cryptography claim,docs/BIZRA_NODE0_PRODUCTION_SETUP_v1.md,,set to MoMo / Dubai / GMT+4 [ ] Genesis ceremony completed (Ed25519 keypair sealed) [ ] bizra trust: VALID [ ] first_breath.py:
C00463,PROOF_REQUIRED,Hashing claim,docs/BIZRA_NODE0_PRODUCTION_SETUP_v1.md,,Understand What Happens  The genesis ceremony: 1. Derives a BLAKE3 identity hash from your profile 2. Generates an Ed25519 key
C00464,PROOF_REQUIRED,Hashing claim,docs/BIZRA_NODE0_PRODUCTION_SETUP_v1.md,,IZRA-DATA-LAKE/.env | xargs)  # Run genesis — replace <your-blake3-hash> with your chosen operator hash # To generate a determ
C00465,PROOF_REQUIRED,Hashing claim,docs/BIZRA_NODE0_PRODUCTION_SETUP_v1.md,,ny      ║ # ╚═══════════════════════════════════════╝ # [✓] BLAKE3 identity computed # [✓] Ed25519 keypair generated # [✓] Gen
C00466,PROOF_REQUIRED,Hashing claim,docs/BIZRA_NODE0_PRODUCTION_SETUP_v1.md,,zra trust  # Expected: # [✓] Ed25519 signature: VALID # [✓] BLAKE3 identity: MATCHES # [✓] Genesis manifest: SEALED # [✓] Trus
C00467,PROOF_REQUIRED,Hashing claim,docs/BIZRA_NODE0_PRODUCTION_SETUP_v1.md,,ional crates specifically cargo test -p bizra-protocol    # BLAKE3 + Ed25519 chain cargo test -p bizra-sippar      # Zero-drif
C00468,PROOF_REQUIRED,Hashing claim,docs/BIZRA_NODE0_PRODUCTION_SETUP_v1.md,,model (LM Studio or Ollama fallback) - Redis ping latency - BLAKE3 tick hash (tamper-evident chain)  ### 7.3 Package the Evide
C00469,PROOF_REQUIRED,Hashing claim,docs/BIZRA_NODE0_PRODUCTION_SETUP_v1.md,,-cli/config/sovereign_profile.yaml $BUNDLE_DIR/  # Generate BLAKE3 manifest of the entire bundle find $BUNDLE_DIR -type f | so
C00470,PROOF_REQUIRED,Hashing claim,docs/BIZRA_NODE0_PRODUCTION_SETUP_v1.md,,9 passed Python PCI tests: 117 passed Ihsān threshold: 0.95 BLAKE3 identity: SEALED"  # Push tag to remote git push origin v1.
C00471,PROOF_REQUIRED,Hashing claim,docs/BIZRA_NODE0_PRODUCTION_SETUP_v1.md,,| Constitutional evidence; genesis proofs; heartbeat logs; BLAKE3 manifests | Immutable — never delete. Compress monthly to `
C00472,NEEDS_REWRITE,Production-readiness implication,docs/WEBSITE_PLAN.md,,year fractal visualization │   │   ├── ImpactCounter.tsx  # Live impact metrics │   │   └── WaitlistForm.tsx │   └── styles/
C00473,NEEDS_REWRITE,Production-readiness implication,docs/WEBSITE_PLAN.md,,Social links  ### Phase 2: Full Site (Week 2-3) - All pages live - Blog active - Documentation started  ### Phase 3: Communi
C00474,NEEDS_REWRITE,Production-readiness implication,docs/SAPE_SNR_MASTER_AUDIT_v1.md,,Node0 Sovereign Engine | **SNR Score:** 0.96 **Grounding:** Live container state + 9;443 collected tests + commit history th
C00475,NEEDS_REWRITE,Production-readiness implication,docs/SAPE_SNR_MASTER_AUDIT_v1.md,,ce | Ethical scoring; SNR/Ihsan gates; health score (0.9091 live) | | H2 / Evolutionary | SAPE elevation; architectural muta
C00476,NEEDS_REWRITE,Production-readiness implication,docs/SAPE_SNR_MASTER_AUDIT_v1.md,,-state HHMM taxonomy** defined in constants.py (5 initially live); 4 complexity tiers.  ### Why This Is The Real Pattern  Th
C00477,NEEDS_REWRITE,Production-readiness implication,docs/SAPE_SNR_MASTER_AUDIT_v1.md,,ick`)  ### Gem 3: Self-Verifying Growth Engine (Phase 71 -- Live)  The Seed Potential Engine is now **live in production con
C00478,NEEDS_REWRITE,Production-readiness implication,docs/SAPE_SNR_MASTER_AUDIT_v1.md,,gine (Phase 71 -- Live)  The Seed Potential Engine is now **live in production container** (verified 2026-03-06):  ```json {
C00479,NEEDS_REWRITE,Production-readiness implication,docs/SAPE_SNR_MASTER_AUDIT_v1.md,,ribution is undefined.  ### Gap 6: Autonomous Loop Stubbed  Live health check shows `autonomous_loop: "stub"`. The proactive
C00480,NEEDS_REWRITE,Production-readiness implication,docs/SAPE_SNR_MASTER_AUDIT_v1.md,,developer assistance |  ### Track 2: Security Hardening to GA (Weeks 3-10)  | Week | Deliverable | Success Gate | |------
C00481,NEEDS_REWRITE,Production-readiness implication,docs/SAPE_SNR_MASTER_AUDIT_v1.md,,_under=60` in pyproject.toml; CI green |  ---  ## Appendix: Live System State (2026-03-06 16:29 GST)  ### Container Health `
C00482,PROOF_REQUIRED,Cryptography claim,docs/SAPE_SNR_MASTER_AUDIT_v1.md,,. **Proof gating** collapses exploration into hash-chained; Ed25519-signed artifacts 5. **CI/SLO gates** promote artifacts from
C00483,PROOF_REQUIRED,Cryptography claim,docs/SAPE_SNR_MASTER_AUDIT_v1.md,,-> Converge -> Prove)       + Proof gating (SHA-256 chain; Ed25519 signature) ```  This stack fans out; explores low-probabili
C00484,PROOF_REQUIRED,Cryptography claim,docs/SAPE_SNR_MASTER_AUDIT_v1.md,,fiable Trust  The security posture is unusually coherent: - Ed25519 attestations on all mission receipts - BLAKE3 hashing (with
C00485,PROOF_REQUIRED,Hashing claim,docs/SAPE_SNR_MASTER_AUDIT_v1.md,,coherent: - Ed25519 attestations on all mission receipts - BLAKE3 hashing (with SEC-001 legacy SHA-256 gate) - Fail-closed al
C00486,PROOF_REQUIRED,Cryptography claim,docs/ARCHITECTURE_DIAGRAMS.md,,-----------------------------+  |  | |  |  | algorithm:    "Ed25519"                                       |  |  | |  |  | sign
C00487,PROOF_REQUIRED,Hashing claim,docs/ARCHITECTURE_DIAGRAMS.md,,--------------------------------+  |  | |  |     | digest = blake3(DOMAIN_PREFIX + canonical_json(payload))  |  |  | |  |
C00488,NEEDS_REWRITE,Exact SNR number,docs/DDAGI_IMPLEMENTATION_ROADMAP.md,,Missing | GAP |  #### 3-Pass Process  ``` PASS 1: DIVERGE (SNR 0.90)   - BIZRA: SAPEOptimizer DATA layer   - Status: IMPLEMENTE
C00489,NEEDS_REWRITE,Exact SNR number,docs/DDAGI_IMPLEMENTATION_ROADMAP.md,,mizer DATA layer   - Status: IMPLEMENTED  PASS 2: CONVERGE (SNR 0.95)   - BIZRA: SAPEOptimizer INFORMATION->KNOWLEDGE layers   -
C00490,NEEDS_REWRITE,Exact SNR number,docs/DDAGI_IMPLEMENTATION_ROADMAP.md,,N->KNOWLEDGE layers   - Status: IMPLEMENTED  PASS 3: PROVE (SNR 0.99)   - BIZRA: Z3 formal verification + PCI envelope   - Statu
C00491,PROOF_REQUIRED,Ihsan-threshold claim,docs/DDAGI_IMPLEMENTATION_ROADMAP.md,,ng at each phase 5. **Constitutional Compliance**: Maintain Ihsan >= 0.95 at all times; targeting 0.992  ---  **Standing on the Shoul
C00492,PROOF_REQUIRED,Cryptography claim,docs/DDAGI_IMPLEMENTATION_ROADMAP.md,,| PCI Envelope | `/core/pci/envelope.py` | IMPLEMENTED | | Ed25519 Signatures | Crypto Module | `/core/pci/crypto.py` | IMPLEM
C00493,PROOF_REQUIRED,Formal-verification claim,docs/DDAGI_IMPLEMENTATION_ROADMAP.md,,anager; Tiered inference | MEDIUM | | **FATE Governance** | Z3 SMT Formal Verification | FATE Gate with thresholds | LOW |
C00494,PROOF_REQUIRED,Formal-verification claim,docs/DDAGI_IMPLEMENTATION_ROADMAP.md,,------------------+ |  LAYER 6: FATE GOVERNANCE HYPERVISOR (Z3 SMT)                               | |  Blueprint: Formal v
C00495,PROOF_REQUIRED,Formal-verification claim,docs/DDAGI_IMPLEMENTATION_ROADMAP.md,,tional AI                           | |  BIZRA: FATE Gate + Z3 (native/fate-binding/src/z3_ihsan.rs)          [90%] | |  G
C00496,PROOF_REQUIRED,Formal-verification claim,docs/DDAGI_IMPLEMENTATION_ROADMAP.md,,fate-binding/src/z3_ihsan.rs)          [90%] | |  Gap: Full Z3 integration in Python layer
C00497,PROOF_REQUIRED,Formal-verification claim,docs/DDAGI_IMPLEMENTATION_ROADMAP.md,,| IMPLEMENTED | | **Symbolic Harness** | Formal reasoning | Z3 SMT integration | PARTIAL | | **Abstraction Elevator** | La
C00498,PROOF_REQUIRED,Formal-verification claim,docs/DDAGI_IMPLEMENTATION_ROADMAP.md,,- Status: IMPLEMENTED  PASS 3: PROVE (SNR 0.99)   - BIZRA: Z3 formal verification + PCI envelope   - Status: PARTIAL (nee
C00499,PROOF_REQUIRED,Formal-verification claim,docs/DDAGI_IMPLEMENTATION_ROADMAP.md,,verification + PCI envelope   - Status: PARTIAL (needs full Z3 integration) ```  #### 9-Probe Defense Matrix  | Probe | Pu
C00500,PROOF_REQUIRED,Formal-verification claim,docs/DDAGI_IMPLEMENTATION_ROADMAP.md,,e foundation integration | 4 weeks | Data Lake | | GAP-09 | Z3 Full Integration | Python-Rust Z3 bridge completion | 3 wee
